subfamily,base_device,source_url,disposition,commercial_identity_status,exact_icpns,excluded_non_active_part_numbers,evidence_section_sha256,raw_sha256,retrieved_at_utc,evidence_surface,parser_profile,parser_version,sample_buy_gates_commercial_identity,historical_openocd_routing_status,historical_openocd_target_configs,routing_gates_commercial_identity
STM32U031,STM32U031C6,https://www.st.com/en/microcontrollers-microprocessors/stm32u031c6.html,active_candidates,verified_active,STM32U031C6T6;STM32U031C6U6,,b61e2c0fe0db7e7204df52a76caaaac551143f88518f8c5d6e7aeb9dae3dc895,beabfbe0a1b215e4b2a65219abd87966775e983ab756a6c936746ebcb1cf1b98,2026-09-11T00:20:01Z,quality_and_reliability_part_number,stm32u0_quality_reliability_v1,2,false,unique,tcl/target/stm32u0x.cfg,false
STM32U031,STM32U031C8,https://www.st.com/en/microcontrollers-microprocessors/stm32u031c8.html,active_candidates,verified_active,STM32U031C8T6;STM32U031C8T6TR;STM32U031C8U6,,78bf7fe3854215879f778f0a78f55037732a1985fcfc7788d1c3e9edf8856c39,076e9330b6a72cf92cb327d76490011cb846132ec2b843db47f3d3ced924f584,2026-09-11T00:20:07Z,quality_and_reliability_part_number,stm32u0_quality_reliability_v1,2,false,unique,tcl/target/stm32u0x.cfg,false
STM32U031,STM32U031F4,https://www.st.com/en/microcontrollers-microprocessors/stm32u031f4.html,active_candidates,verified_active,STM32U031F4P3;STM32U031F4P3TR;STM32U031F4P6,,04502d82e81c4201a77889e05ec744098d3c613126246a87a50d0cbc80054913,34d95a9e7216791056538e4e4b4b4d5380787abef757f5fa13bf5e643075f372,2026-09-11T00:20:13Z,quality_and_reliability_part_number,stm32u0_quality_reliability_v1,2,false,unique,tcl/target/stm32u0x.cfg,false
STM32U031,STM32U031F6,https://www.st.com/en/microcontrollers-microprocessors/stm32u031f6.html,active_candidates,verified_active,STM32U031F6P6,,acd9ba8f20efa1c0b30076fbd067f4f279c8573b7d81bd3d2fe13962b90eb3ee,553bffad4bb7eac5b7d89712a21e294e126ea9454b0d589feb4a8bd3850db594,2026-09-11T00:20:18Z,quality_and_reliability_part_number,stm32u0_quality_reliability_v1,2,false,unique,tcl/target/stm32u0x.cfg,false
STM32U031,STM32U031F8,https://www.st.com/en/microcontrollers-microprocessors/stm32u031f8.html,active_candidates,verified_active,STM32U031F8P6,,b5073f497b967742b5b38a5bd9e46f9a41cc735c6145eb3eb0fc108af9915272,6a7e94107821f3271f6d5eb8238a79e63f1c3ef0bae5759cd9f7c1c2b5d1cb2b,2026-09-11T00:21:24Z,quality_and_reliability_part_number,stm32u0_quality_reliability_v1,2,false,unique,tcl/target/stm32u0x.cfg,false
STM32U031,STM32U031K4,https://www.st.com/en/microcontrollers-microprocessors/stm32u031k4.html,active_candidates,verified_active,STM32U031K4U6,,8698b5e1e77df556b714f3286bae2650df9f2eaa71be4ff974f21f7cd2759cb5,cfc1031d05707ac362ae455f6a077c8b3e008509e135f855fe89be71223f4e5d,2026-09-11T00:21:30Z,quality_and_reliability_part_number,stm32u0_quality_reliability_v1,2,false,unique,tcl/target/stm32u0x.cfg,false
STM32U031,STM32U031K6,https://www.st.com/en/microcontrollers-microprocessors/stm32u031k6.html,active_candidates,verified_active,STM32U031K6U3;STM32U031K6U6,,b333822e5eb3a342a6e18fa0a33e164b523df094098285a4ce238080ddfcb6c2,ad8e463fa4fea9f04749aeb2defdd40a308e4b5a9deaf52a06966a31f56d14a6,2026-09-11T00:21:35Z,quality_and_reliability_part_number,stm32u0_quality_reliability_v1,2,false,unique,tcl/target/stm32u0x.cfg,false
STM32U031,STM32U031K8,https://www.st.com/en/microcontrollers-microprocessors/stm32u031k8.html,active_candidates,verified_active,STM32U031K8U3;STM32U031K8U6;STM32U031K8U6TR,,7b7357d56b9cf66523cbfc6f12026cea5f309da7c18f658e43904f2bdaaa1424,7a6807f539ef4cf2390f9a221ec392db8730e5e0cdaed16c42a951229c2ba09f,2026-09-11T00:21:40Z,quality_and_reliability_part_number,stm32u0_quality_reliability_v1,2,false,unique,tcl/target/stm32u0x.cfg,false
STM32U031,STM32U031R6,https://www.st.com/en/microcontrollers-microprocessors/stm32u031r6.html,active_candidates,verified_active,STM32U031R6I6;STM32U031R6T6,,62499b2f451d28483e26f99f25534a9f1f4b624d25304083031953dcfdf0029d,7bace26b509ce715a0b3c9b4ca23d8f4ee3b77e5f0648f24279721814582e734,2026-09-11T00:21:45Z,quality_and_reliability_part_number,stm32u0_quality_reliability_v1,2,false,unique,tcl/target/stm32u0x.cfg,false
STM32U031,STM32U031R8,https://www.st.com/en/microcontrollers-microprocessors/stm32u031r8.html,active_candidates,verified_active,STM32U031R8I6;STM32U031R8T6,,1019c6f32d0760a94fabcb655fc17083b5376ec2fed0c92734b3bb3d0e2410e5,9dfd875289f23f6d56d491bb9a92545a9ab49814ba5326e1b0a082c52370a56a,2026-09-11T00:21:51Z,quality_and_reliability_part_number,stm32u0_quality_reliability_v1,2,false,unique,tcl/target/stm32u0x.cfg,false
STM32U073,STM32U073C8,https://www.st.com/en/microcontrollers-microprocessors/stm32u073c8.html,active_candidates,verified_active,STM32U073C8T6;STM32U073C8U6,,9fefe8fda87b8d893be590db8470ae08e0e2d24997050913561cba8fff619170,3822c62eafc1a03d501b33b524f9bdb21941844c62f50b302530bfd808d7f147,2026-09-11T00:21:56Z,quality_and_reliability_part_number,stm32u0_quality_reliability_v1,2,false,unique,tcl/target/stm32u0x.cfg,false
STM32U073,STM32U073CB,https://www.st.com/en/microcontrollers-microprocessors/stm32u073cb.html,active_candidates,verified_active,STM32U073CBT6;STM32U073CBT6TR;STM32U073CBU3;STM32U073CBU3TR;STM32U073CBU6,,d9f48fd7872abe726dc75aacdaef5a5c4d3cd59abbae0b2c9e9fa5a10926eb3e,0f0a415ff16720986023fc155ddf94b587fb75fdca5b1b78c1c6643a59539a5a,2026-09-11T00:22:01Z,quality_and_reliability_part_number,stm32u0_quality_reliability_v1,2,false,unique,tcl/target/stm32u0x.cfg,false
STM32U073,STM32U073CC,https://www.st.com/en/microcontrollers-microprocessors/stm32u073cc.html,active_candidates,verified_active,STM32U073CCT6;STM32U073CCT6TR;STM32U073CCU3;STM32U073CCU3TR;STM32U073CCU6;STM32U073CCU6TR,,798b2f65e57a1fb792ca9c237f54a319101f0584dda95c590dcb7b8e5aa71a93,763568736a33ee1ec55d25f7855e9258f2011cb8fbdfec36fb34af6ec84c3531,2026-09-11T00:22:07Z,quality_and_reliability_part_number,stm32u0_quality_reliability_v1,2,false,unique,tcl/target/stm32u0x.cfg,false
STM32U073,STM32U073K8,https://www.st.com/en/microcontrollers-microprocessors/stm32u073k8.html,active_candidates,verified_active,STM32U073K8U6,,9e97f5e576fcd04c0d8e06164bc9dca8186bfab7a7849537f39221da321e6960,58cd0bd012773b70213cec750f7fbd238f7946500c43c8f68fc7a9fb9c687ecc,2026-09-11T00:22:12Z,quality_and_reliability_part_number,stm32u0_quality_reliability_v1,2,false,unique,tcl/target/stm32u0x.cfg,false
STM32U073,STM32U073KB,https://www.st.com/en/microcontrollers-microprocessors/stm32u073kb.html,active_candidates,verified_active,STM32U073KBU6,,7fdb44ef9b30bb33991db8240fdb037e7f1cc012c4e8b14a906fb4472da1fbe8,b96ca677feef7caf0f616cd86e71130623666a1530ab671e586fee9a14881819,2026-09-11T00:22:18Z,quality_and_reliability_part_number,stm32u0_quality_reliability_v1,2,false,unique,tcl/target/stm32u0x.cfg,false
STM32U073,STM32U073KC,https://www.st.com/en/microcontrollers-microprocessors/stm32u073kc.html,active_candidates,verified_active,STM32U073KCU3;STM32U073KCU6;STM32U073KCU6TR,,d47ecb129cf3301c1ccfc61a670292b21d87e071769d60528d4d599028d150f6,dfddf9c2f7b22aedbba50f37e8bedb7977c8d604d3fe703b57361f50b74e8fdc,2026-09-11T00:22:23Z,quality_and_reliability_part_number,stm32u0_quality_reliability_v1,2,false,unique,tcl/target/stm32u0x.cfg,false
STM32U073,STM32U073M8,https://www.st.com/en/microcontrollers-microprocessors/stm32u073m8.html,active_candidates,verified_active,STM32U073M8I6;STM32U073M8T6,,132578f9de9ae572c5bcc18ee4ad8036b22dc7aa9ceed6962c589f9f81758e1d,69ce931f8227d04f38f9ce3a16148ac8388056c1ab3ad8b918047a5e641d6cc0,2026-09-11T00:22:28Z,quality_and_reliability_part_number,stm32u0_quality_reliability_v1,2,false,unique,tcl/target/stm32u0x.cfg,false
STM32U073,STM32U073MB,https://www.st.com/en/microcontrollers-microprocessors/stm32u073mb.html,active_candidates,verified_active,STM32U073MBI6;STM32U073MBT3;STM32U073MBT6;STM32U073MBT6TR,,c04c4d7bcc6b48f591611445b0e7c99516180c286fc2ea670b012ead3c54eee2,7b4235b2a446d456eff99cda946c57d6caa4bad910714559d7c8b749ba65ca60,2026-09-11T00:22:34Z,quality_and_reliability_part_number,stm32u0_quality_reliability_v1,2,false,unique,tcl/target/stm32u0x.cfg,false
STM32U073,STM32U073MC,https://www.st.com/en/microcontrollers-microprocessors/stm32u073mc.html,active_candidates,verified_active,STM32U073MCI6;STM32U073MCT3;STM32U073MCT6,,f7c287a43578e01e0956d31c272faa8415e0ffe0e90e7f2761b04d9bc99bef23,e60b7848f803a915d85c18c4b34c99c40b9fbca6301018b1d8c17a68c6917fbd,2026-09-11T00:22:39Z,quality_and_reliability_part_number,stm32u0_quality_reliability_v1,2,false,unique,tcl/target/stm32u0x.cfg,false
STM32U073,STM32U073R8,https://www.st.com/en/microcontrollers-microprocessors/stm32u073r8.html,active_candidates,verified_active,STM32U073R8I6;STM32U073R8T6,,ba50f3d4230d017aa05467ef40ef74a954dc0ecbcae28ddd2e2edc8efab6d9e9,40164ecbb4cef6fa330b63b840ba24f3799c36591f9852434057b22861f34205,2026-09-11T00:22:44Z,quality_and_reliability_part_number,stm32u0_quality_reliability_v1,2,false,unique,tcl/target/stm32u0x.cfg,false
STM32U073,STM32U073RB,https://www.st.com/en/microcontrollers-microprocessors/stm32u073rb.html,active_candidates,verified_active,STM32U073RBI6;STM32U073RBT6;STM32U073RBT6TR,,ffc00857ab8572b88903b3f6a83cfa420998046f0d8baabfc437ef2a1342a926,c3e408dd51a74c3408731f496b49a9653e34da391250cda1bd96616c1b8e25f8,2026-09-11T00:22:49Z,quality_and_reliability_part_number,stm32u0_quality_reliability_v1,2,false,unique,tcl/target/stm32u0x.cfg,false
STM32U073,STM32U073RC,https://www.st.com/en/microcontrollers-microprocessors/stm32u073rc.html,active_candidates,verified_active,STM32U073RCI6;STM32U073RCT3;STM32U073RCT6;STM32U073RCT6TR,,100ba90d33386dc9d8ac2c580afe380217d050ee1dbae6ab12ddcd8fbb154c18,e0c59616dcf30bbf6a8ef77b86d981256489f012c52e19633b177f98f8e67916,2026-09-11T00:22:55Z,quality_and_reliability_part_number,stm32u0_quality_reliability_v1,2,false,unique,tcl/target/stm32u0x.cfg,false
STM32U083,STM32U083CC,https://www.st.com/en/microcontrollers-microprocessors/stm32u083cc.html,active_candidates,verified_active,STM32U083CCT6;STM32U083CCT6TR;STM32U083CCU6;STM32U083CCU6TR,,6a87586993f3a6595f18c73d8bd1d4f2e919617b0c96fce26a006396b2df7f97,7d0e6f0a5dce6d8306c1e68d335978d6036a7bea0f58853b8e02e7520a470fbf,2026-09-11T00:24:01Z,quality_and_reliability_part_number,stm32u0_quality_reliability_v1,2,false,unique,tcl/target/stm32u0x.cfg,false
STM32U083,STM32U083KC,https://www.st.com/en/microcontrollers-microprocessors/stm32u083kc.html,active_candidates,verified_active,STM32U083KCU3;STM32U083KCU6;STM32U083KCU6TR,,508b7eb0f3f3cb7b70735a4b3e6a04c64bcf8542e5674ab27c731726aaa11d4f,4a7159dfae60198029706b95caec263c8190642149ce168792414667413431f1,2026-09-11T00:25:07Z,quality_and_reliability_part_number,stm32u0_quality_reliability_v1,2,false,unique,tcl/target/stm32u0x.cfg,false
STM32U083,STM32U083MC,https://www.st.com/en/microcontrollers-microprocessors/stm32u083mc.html,active_candidates,verified_active,STM32U083MCI6;STM32U083MCT6;STM32U083MCT6TR,,4dabbe6cff91e34760513ee8d2c115375822fe753dcc14fcfb7fe29ac41cbc8f,013393591458068011a2ea4a3f56b16645b2f334dca48af509f3f5d6cfe1f5f9,2026-09-11T00:25:23Z,quality_and_reliability_part_number,stm32u0_quality_reliability_v1,2,false,unique,tcl/target/stm32u0x.cfg,false
STM32U083,STM32U083RC,https://www.st.com/en/microcontrollers-microprocessors/stm32u083rc.html,active_candidates,verified_active,STM32U083RCI6;STM32U083RCT6,,b6915c1c21c2d181842e2bdbe59e5a082a7fdc33d4c157ab23a9befaaa207068,14ad287f77fffd82a68c2951f41ce1f0d5cc5012ee226f11691e93e3e959e863,2026-09-11T00:25:33Z,quality_and_reliability_part_number,stm32u0_quality_reliability_v1,2,false,unique,tcl/target/stm32u0x.cfg,false
