vendor,series,target_config,device_type,classification_status,capability_status,capability_reason,flash_drivers,flash_banks,include_graph,openocd_distribution,openocd_commit,validation_status
Analog Devices,ADUC702X,tcl/target/aduc702x.cfg,MCU,Auto-classified,flash_driver_declared,Concrete OpenOCD Flash driver resolved statically,"[""aduc702x""]","[{""declaration_file"":""tcl/target/aduc702x.cfg"",""bank"":""$_FLASHNAME"",""driver"":""aduc702x"",""base"":""0""}]","[""tcl/target/aduc702x.cfg""]",upstream-openocd,56b8d93fbe61a78dc903d770820d6d896b6d8134,not_verified
Analog Devices,ADUCM360,tcl/target/aducm360.cfg,MCU,Auto-classified,flash_driver_declared,Concrete OpenOCD Flash driver resolved statically,"[""aducm360""]","[{""declaration_file"":""tcl/target/aducm360.cfg"",""bank"":""$_FLASHNAME"",""driver"":""aducm360"",""base"":""0x00""}]","[""tcl/target/aducm360.cfg"",""tcl/target/swj-dp.tcl""]",upstream-openocd,56b8d93fbe61a78dc903d770820d6d896b6d8134,not_verified
Analog Devices,MAX32620,tcl/target/max32620.cfg,MCU,Auto-classified,flash_driver_declared,Concrete OpenOCD Flash driver resolved statically,"[""max32xxx""]","[{""declaration_file"":""tcl/target/max32xxx_common.cfg"",""bank"":""$_CHIPNAME.flash"",""driver"":""max32xxx"",""base"":""$_FLASH_BASE""}]","[""tcl/target/max32620.cfg"",""tcl/target/max32xxx_common.cfg"",""tcl/mem_helper.tcl"",""tcl/target/swj-dp.tcl""]",upstream-openocd,56b8d93fbe61a78dc903d770820d6d896b6d8134,not_verified
Analog Devices,MAX32625,tcl/target/max32625.cfg,MCU,Auto-classified,flash_driver_declared,Concrete OpenOCD Flash driver resolved statically,"[""max32xxx""]","[{""declaration_file"":""tcl/target/max32xxx_common.cfg"",""bank"":""$_CHIPNAME.flash"",""driver"":""max32xxx"",""base"":""$_FLASH_BASE""}]","[""tcl/target/max32625.cfg"",""tcl/target/max32xxx_common.cfg"",""tcl/mem_helper.tcl"",""tcl/target/swj-dp.tcl""]",upstream-openocd,56b8d93fbe61a78dc903d770820d6d896b6d8134,not_verified
Analog Devices,MAX3263,tcl/target/max3263x.cfg,MCU,Auto-classified,flash_driver_declared,Concrete OpenOCD Flash driver resolved statically,"[""max32xxx""]","[{""declaration_file"":""tcl/target/max32xxx_common.cfg"",""bank"":""$_CHIPNAME.flash"",""driver"":""max32xxx"",""base"":""$_FLASH_BASE""}]","[""tcl/target/max3263x.cfg"",""tcl/target/max32xxx_common.cfg"",""tcl/mem_helper.tcl"",""tcl/target/swj-dp.tcl""]",upstream-openocd,56b8d93fbe61a78dc903d770820d6d896b6d8134,not_verified
Analog Devices,MAX32650,tcl/target/max32650.cfg,MCU,Auto-classified,flash_driver_declared,Concrete OpenOCD Flash driver resolved statically,"[""max32xxx""]","[{""declaration_file"":""tcl/target/max32xxx_common.cfg"",""bank"":""$_CHIPNAME.flash"",""driver"":""max32xxx"",""base"":""$_FLASH_BASE""}]","[""tcl/target/max32650.cfg"",""tcl/target/max32xxx_common.cfg"",""tcl/mem_helper.tcl"",""tcl/target/swj-dp.tcl""]",upstream-openocd,56b8d93fbe61a78dc903d770820d6d896b6d8134,not_verified
Analog Devices,MAX32655,tcl/target/max32655.cfg,MCU,Auto-classified,flash_driver_declared,Concrete OpenOCD Flash driver resolved statically,"[""max32xxx""]","[{""declaration_file"":""tcl/target/max32xxx_common.cfg"",""bank"":""$_CHIPNAME.flash"",""driver"":""max32xxx"",""base"":""$_FLASH_BASE""}]","[""tcl/target/max32655.cfg"",""tcl/target/max32xxx_common.cfg"",""tcl/mem_helper.tcl"",""tcl/target/swj-dp.tcl""]",upstream-openocd,56b8d93fbe61a78dc903d770820d6d896b6d8134,not_verified
Analog Devices,MAX32660,tcl/target/max32660.cfg,MCU,Auto-classified,flash_driver_declared,Concrete OpenOCD Flash driver resolved statically,"[""max32xxx""]","[{""declaration_file"":""tcl/target/max32xxx_common.cfg"",""bank"":""$_CHIPNAME.flash"",""driver"":""max32xxx"",""base"":""$_FLASH_BASE""}]","[""tcl/target/max32660.cfg"",""tcl/target/max32xxx_common.cfg"",""tcl/mem_helper.tcl"",""tcl/target/swj-dp.tcl""]",upstream-openocd,56b8d93fbe61a78dc903d770820d6d896b6d8134,not_verified
Analog Devices,MAX32662,tcl/target/max32662.cfg,MCU,Auto-classified,flash_driver_declared,Concrete OpenOCD Flash driver resolved statically,"[""max32xxx""]","[{""declaration_file"":""tcl/target/max32xxx_common.cfg"",""bank"":""$_CHIPNAME.flash"",""driver"":""max32xxx"",""base"":""$_FLASH_BASE""}]","[""tcl/target/max32662.cfg"",""tcl/target/max32xxx_common.cfg"",""tcl/mem_helper.tcl"",""tcl/target/swj-dp.tcl""]",upstream-openocd,56b8d93fbe61a78dc903d770820d6d896b6d8134,not_verified
Analog Devices,MAX32670,tcl/target/max32670.cfg,MCU,Auto-classified,flash_driver_declared,Concrete OpenOCD Flash driver resolved statically,"[""max32xxx""]","[{""declaration_file"":""tcl/target/max32xxx_common.cfg"",""bank"":""$_CHIPNAME.flash"",""driver"":""max32xxx"",""base"":""$_FLASH_BASE""}]","[""tcl/target/max32670.cfg"",""tcl/target/max32xxx_common.cfg"",""tcl/mem_helper.tcl"",""tcl/target/swj-dp.tcl""]",upstream-openocd,56b8d93fbe61a78dc903d770820d6d896b6d8134,not_verified
Analog Devices,MAX32672,tcl/target/max32672.cfg,MCU,Auto-classified,flash_driver_declared,Concrete OpenOCD Flash driver resolved statically,"[""max32xxx""]","[{""declaration_file"":""tcl/target/max32672.cfg"",""bank"":""$_CHIPNAME.flash1"",""driver"":""max32xxx"",""base"":""$FLASH_BASE""},{""declaration_file"":""tcl/target/max32xxx_common.cfg"",""bank"":""$_CHIPNAME.flash"",""driver"":""max32xxx"",""base"":""$_FLASH_BASE""}]","[""tcl/target/max32672.cfg"",""tcl/target/max32xxx_common.cfg"",""tcl/mem_helper.tcl"",""tcl/target/swj-dp.tcl""]",upstream-openocd,56b8d93fbe61a78dc903d770820d6d896b6d8134,not_verified
Analog Devices,MAX32675,tcl/target/max32675.cfg,MCU,Auto-classified,flash_driver_declared,Concrete OpenOCD Flash driver resolved statically,"[""max32xxx""]","[{""declaration_file"":""tcl/target/max32xxx_common.cfg"",""bank"":""$_CHIPNAME.flash"",""driver"":""max32xxx"",""base"":""$_FLASH_BASE""}]","[""tcl/target/max32675.cfg"",""tcl/target/max32xxx_common.cfg"",""tcl/mem_helper.tcl"",""tcl/target/swj-dp.tcl""]",upstream-openocd,56b8d93fbe61a78dc903d770820d6d896b6d8134,not_verified
Analog Devices,MAX32680,tcl/target/max32680.cfg,MCU,Auto-classified,flash_driver_declared,Concrete OpenOCD Flash driver resolved statically,"[""max32xxx""]","[{""declaration_file"":""tcl/target/max32xxx_common.cfg"",""bank"":""$_CHIPNAME.flash"",""driver"":""max32xxx"",""base"":""$_FLASH_BASE""}]","[""tcl/target/max32680.cfg"",""tcl/target/max32xxx_common.cfg"",""tcl/mem_helper.tcl"",""tcl/target/swj-dp.tcl""]",upstream-openocd,56b8d93fbe61a78dc903d770820d6d896b6d8134,not_verified
Analog Devices,MAX32690,tcl/target/max32690.cfg,MCU,Auto-classified,flash_driver_declared,Concrete OpenOCD Flash driver resolved statically,"[""max32xxx""]","[{""declaration_file"":""tcl/target/max32690.cfg"",""bank"":""$_CHIPNAME.flash1"",""driver"":""max32xxx"",""base"":""$FLASH_BASE""},{""declaration_file"":""tcl/target/max32xxx_common.cfg"",""bank"":""$_CHIPNAME.flash"",""driver"":""max32xxx"",""base"":""$_FLASH_BASE""}]","[""tcl/target/max32690.cfg"",""tcl/target/max32xxx_common.cfg"",""tcl/mem_helper.tcl"",""tcl/target/swj-dp.tcl""]",upstream-openocd,56b8d93fbe61a78dc903d770820d6d896b6d8134,not_verified
Analog Devices,MAX32XXX,tcl/target/max32xxx_common.cfg,MCU,Internal/helper,helper_or_alias,Common/base or bank-layout configuration; collapse into a customer target,"[""max32xxx""]","[{""declaration_file"":""tcl/target/max32xxx_common.cfg"",""bank"":""$_CHIPNAME.flash"",""driver"":""max32xxx"",""base"":""$_FLASH_BASE""}]","[""tcl/target/max32xxx_common.cfg"",""tcl/mem_helper.tcl"",""tcl/target/swj-dp.tcl""]",upstream-openocd,56b8d93fbe61a78dc903d770820d6d896b6d8134,not_verified
Artery,AT32F4X,tcl/target/artery/at32f4x.cfg,MCU,Auto-classified,flash_driver_declared,Concrete OpenOCD Flash driver resolved statically,"[""artery""]","[{""declaration_file"":""tcl/target/artery/at32f4x.cfg"",""bank"":""$_FLASHNAME"",""driver"":""artery"",""base"":""0x08000000""}]","[""tcl/target/artery/at32f4x.cfg"",""tcl/target/swj-dp.tcl""]",upstream-openocd,56b8d93fbe61a78dc903d770820d6d896b6d8134,not_verified
Bouffalo Lab,BL602,tcl/target/bl602.cfg,Wireless MCU,Auto-classified,flash_driver_declared,Concrete OpenOCD Flash driver resolved statically,"[""bl602""]","[{""declaration_file"":""tcl/target/bl602_common.cfg"",""bank"":""$_FLASHNAME"",""driver"":""bl602"",""base"":""0x23000000""}]","[""tcl/target/bl602.cfg"",""tcl/target/bl602_common.cfg"",""tcl/mem_helper.tcl""]",upstream-openocd,56b8d93fbe61a78dc903d770820d6d896b6d8134,not_verified
Bouffalo Lab,BL602,tcl/target/bl602_common.cfg,Wireless MCU,Internal/helper,helper_or_alias,Common/base or bank-layout configuration; collapse into a customer target,"[""bl602""]","[{""declaration_file"":""tcl/target/bl602_common.cfg"",""bank"":""$_FLASHNAME"",""driver"":""bl602"",""base"":""0x23000000""}]","[""tcl/target/bl602_common.cfg"",""tcl/mem_helper.tcl""]",upstream-openocd,56b8d93fbe61a78dc903d770820d6d896b6d8134,not_verified
Bouffalo Lab,BL702,tcl/target/bl702.cfg,Wireless MCU,Auto-classified,flash_driver_declared,Concrete OpenOCD Flash driver resolved statically,"[""bl602""]","[{""declaration_file"":""tcl/target/bl602_common.cfg"",""bank"":""$_FLASHNAME"",""driver"":""bl602"",""base"":""0x23000000""}]","[""tcl/target/bl702.cfg"",""tcl/target/bl602_common.cfg"",""tcl/mem_helper.tcl""]",upstream-openocd,56b8d93fbe61a78dc903d770820d6d896b6d8134,not_verified
Bouffalo Lab,BL702,tcl/target/bl702l.cfg,Wireless MCU,Auto-classified,flash_driver_declared,Concrete OpenOCD Flash driver resolved statically,"[""bl602""]","[{""declaration_file"":""tcl/target/bl602_common.cfg"",""bank"":""$_FLASHNAME"",""driver"":""bl602"",""base"":""0x23000000""}]","[""tcl/target/bl702l.cfg"",""tcl/target/bl602_common.cfg"",""tcl/mem_helper.tcl""]",upstream-openocd,56b8d93fbe61a78dc903d770820d6d896b6d8134,not_verified
Cypress/Fujitsu,FM3,tcl/target/fm3.cfg,MCU,Auto-classified,flash_driver_declared,Concrete OpenOCD Flash driver resolved statically,"[""fm3""]","[{""declaration_file"":""tcl/target/fm3.cfg"",""bank"":""$_FLASHNAME"",""driver"":""fm3"",""base"":""0""}]","[""tcl/target/fm3.cfg"",""tcl/target/swj-dp.tcl""]",upstream-openocd,56b8d93fbe61a78dc903d770820d6d896b6d8134,not_verified
Cypress/Fujitsu,FM4 MB9BF,tcl/target/fm4_mb9bf.cfg,MCU,Auto-classified,flash_driver_declared,Concrete OpenOCD Flash driver resolved statically,"[""fm4""]","[{""declaration_file"":""tcl/target/fm4_mb9bf.cfg"",""bank"":""$_FLASHNAME"",""driver"":""fm4"",""base"":""0x00000000""}]","[""tcl/target/fm4_mb9bf.cfg"",""tcl/target/fm4.cfg"",""tcl/target/swj-dp.tcl""]",upstream-openocd,56b8d93fbe61a78dc903d770820d6d896b6d8134,not_verified
Cypress/Fujitsu,FM4 S6E2CC,tcl/target/fm4_s6e2cc.cfg,MCU,Auto-classified,flash_driver_declared,Concrete OpenOCD Flash driver resolved statically,"[""fm4""]","[{""declaration_file"":""tcl/target/fm4_s6e2cc.cfg"",""bank"":""${_FLASHNAME}0"",""driver"":""fm4"",""base"":""0x00000000""},{""declaration_file"":""tcl/target/fm4_s6e2cc.cfg"",""bank"":""${_FLASHNAME}1"",""driver"":""fm4"",""base"":""0x00100000""}]","[""tcl/target/fm4_s6e2cc.cfg"",""tcl/target/fm4.cfg"",""tcl/target/swj-dp.tcl""]",upstream-openocd,56b8d93fbe61a78dc903d770820d6d896b6d8134,not_verified
Geehy,APM32F0X,tcl/target/geehy/apm32f0x.cfg,MCU,Auto-classified,flash_driver_declared,Concrete OpenOCD Flash driver resolved statically,"[""stm32f1x""]","[{""declaration_file"":""tcl/target/geehy/apm32f0x.cfg"",""bank"":""$_FLASHNAME"",""driver"":""stm32f1x"",""base"":""0x08000000""}]","[""tcl/target/geehy/apm32f0x.cfg"",""tcl/target/swj-dp.tcl""]",upstream-openocd,56b8d93fbe61a78dc903d770820d6d896b6d8134,not_verified
Geehy,APM32F1X,tcl/target/geehy/apm32f1x.cfg,MCU,Auto-classified,flash_driver_declared,Concrete OpenOCD Flash driver resolved statically,"[""stm32f1x""]","[{""declaration_file"":""tcl/target/geehy/apm32f1x.cfg"",""bank"":""$_FLASHNAME"",""driver"":""stm32f1x"",""base"":""0""}]","[""tcl/target/geehy/apm32f1x.cfg"",""tcl/target/swj-dp.tcl""]",upstream-openocd,56b8d93fbe61a78dc903d770820d6d896b6d8134,not_verified
Geehy,APM32F4X,tcl/target/geehy/apm32f4x.cfg,MCU,Auto-classified,flash_driver_declared,Concrete OpenOCD Flash driver resolved statically,"[""stm32f2x""]","[{""declaration_file"":""tcl/target/geehy/apm32f4x.cfg"",""bank"":""$_FLASHNAME"",""driver"":""stm32f2x"",""base"":""0""}]","[""tcl/target/geehy/apm32f4x.cfg"",""tcl/target/swj-dp.tcl""]",upstream-openocd,56b8d93fbe61a78dc903d770820d6d896b6d8134,not_verified
GigaDevice,GD32E23X,tcl/target/gigadevice/gd32e23x.cfg,MCU,Auto-classified,flash_driver_declared,Concrete OpenOCD Flash driver resolved statically,"[""stm32f1x""]","[{""declaration_file"":""tcl/target/gigadevice/gd32e23x.cfg"",""bank"":""$_FLASHNAME"",""driver"":""stm32f1x"",""base"":""0x08000000""}]","[""tcl/target/gigadevice/gd32e23x.cfg"",""tcl/target/swj-dp.tcl"",""tcl/mem_helper.tcl""]",upstream-openocd,56b8d93fbe61a78dc903d770820d6d896b6d8134,not_verified
GigaDevice,GD32VF103,tcl/target/gigadevice/gd32vf103.cfg,MCU,Auto-classified,flash_driver_declared,Concrete OpenOCD Flash driver resolved statically,"[""stm32f1x""]","[{""declaration_file"":""tcl/target/gigadevice/gd32vf103.cfg"",""bank"":""$_FLASHNAME"",""driver"":""stm32f1x"",""base"":""0x08000000""}]","[""tcl/target/gigadevice/gd32vf103.cfg"",""tcl/mem_helper.tcl""]",upstream-openocd,56b8d93fbe61a78dc903d770820d6d896b6d8134,not_verified
Holtek,HT32F4X,tcl/target/holtek/ht32f4x.cfg,MCU,Auto-classified,flash_driver_declared,Concrete OpenOCD Flash driver resolved statically,"[""artery""]","[{""declaration_file"":""tcl/target/holtek/ht32f4x.cfg"",""bank"":""$_CHIPNAME.flash"",""driver"":""artery"",""base"":""0x08000000""}]","[""tcl/target/holtek/ht32f4x.cfg"",""tcl/target/swj-dp.tcl""]",upstream-openocd,56b8d93fbe61a78dc903d770820d6d896b6d8134,not_verified
Infineon,PSOC5,tcl/target/psoc5lp.cfg,MCU,Auto-classified,flash_driver_declared,Concrete OpenOCD Flash driver resolved statically,"[""psoc5lp"",""psoc5lp_eeprom"",""psoc5lp_nvl""]","[{""declaration_file"":""tcl/target/psoc5lp.cfg"",""bank"":""$_FLASHNAME"",""driver"":""psoc5lp"",""base"":""0x00000000""},{""declaration_file"":""tcl/target/psoc5lp.cfg"",""bank"":""$_CHIPNAME.eeprom"",""driver"":""psoc5lp_eeprom"",""base"":""0x40008000""},{""declaration_file"":""tcl/target/psoc5lp.cfg"",""bank"":""$_CHIPNAME.nvl"",""driver"":""psoc5lp_nvl"",""base"":""0""}]","[""tcl/target/psoc5lp.cfg"",""tcl/target/swj-dp.tcl"",""tcl/mem_helper.tcl""]",upstream-openocd,56b8d93fbe61a78dc903d770820d6d896b6d8134,not_verified
Microchip,AT91SAM3AX,tcl/target/at91sam3ax_4x.cfg,MCU,Auto-classified,flash_driver_declared,Concrete OpenOCD Flash driver resolved statically,"[""at91sam3""]","[{""declaration_file"":""tcl/target/at91sam3ax_4x.cfg"",""bank"":""$_FLASHNAME"",""driver"":""at91sam3"",""base"":""0x000080000""},{""declaration_file"":""tcl/target/at91sam3ax_4x.cfg"",""bank"":""$_FLASHNAME"",""driver"":""at91sam3"",""base"":""0x0000A0000""}]","[""tcl/target/at91sam3ax_4x.cfg"",""tcl/target/at91sam3ax_xx.cfg"",""tcl/target/at91sam3XXX.cfg"",""tcl/target/swj-dp.tcl""]",upstream-openocd,56b8d93fbe61a78dc903d770820d6d896b6d8134,not_verified
Microchip,AT91SAM3AX,tcl/target/at91sam3ax_8x.cfg,MCU,Auto-classified,flash_driver_declared,Concrete OpenOCD Flash driver resolved statically,"[""at91sam3""]","[{""declaration_file"":""tcl/target/at91sam3ax_8x.cfg"",""bank"":""$_FLASHNAME"",""driver"":""at91sam3"",""base"":""0x000080000""},{""declaration_file"":""tcl/target/at91sam3ax_8x.cfg"",""bank"":""$_FLASHNAME"",""driver"":""at91sam3"",""base"":""0x0000C0000""}]","[""tcl/target/at91sam3ax_8x.cfg"",""tcl/target/at91sam3ax_xx.cfg"",""tcl/target/at91sam3XXX.cfg"",""tcl/target/swj-dp.tcl""]",upstream-openocd,56b8d93fbe61a78dc903d770820d6d896b6d8134,not_verified
Microchip,AT91SAM3NX,tcl/target/at91sam3nXX.cfg,MCU,Auto-classified,flash_driver_declared,Concrete OpenOCD Flash driver resolved statically,"[""at91sam3""]","[{""declaration_file"":""tcl/target/at91sam3nXX.cfg"",""bank"":""flash0"",""driver"":""at91sam3"",""base"":""0x00400000""}]","[""tcl/target/at91sam3nXX.cfg"",""tcl/target/swj-dp.tcl""]",upstream-openocd,56b8d93fbe61a78dc903d770820d6d896b6d8134,not_verified
Microchip,AT91SAM3SX,tcl/target/at91sam3sXX.cfg,MCU,Auto-classified,flash_driver_declared,Concrete OpenOCD Flash driver resolved statically,"[""at91sam3""]","[{""declaration_file"":""tcl/target/at91sam3sXX.cfg"",""bank"":""$_FLASHNAME"",""driver"":""at91sam3"",""base"":""0x00400000""}]","[""tcl/target/at91sam3sXX.cfg"",""tcl/target/at91sam3XXX.cfg"",""tcl/target/swj-dp.tcl""]",upstream-openocd,56b8d93fbe61a78dc903d770820d6d896b6d8134,not_verified
Microchip,AT91SAM3U1C,tcl/target/at91sam3u1c.cfg,MCU,Auto-classified,flash_driver_declared,Concrete OpenOCD Flash driver resolved statically,"[""at91sam3""]","[{""declaration_file"":""tcl/target/at91sam3u1c.cfg"",""bank"":""$_FLASHNAME"",""driver"":""at91sam3"",""base"":""0x000080000""}]","[""tcl/target/at91sam3u1c.cfg"",""tcl/target/at91sam3uxx.cfg"",""tcl/target/at91sam3XXX.cfg"",""tcl/target/swj-dp.tcl""]",upstream-openocd,56b8d93fbe61a78dc903d770820d6d896b6d8134,not_verified
Microchip,AT91SAM3U1E,tcl/target/at91sam3u1e.cfg,MCU,Auto-classified,flash_driver_declared,Concrete OpenOCD Flash driver resolved statically,"[""at91sam3""]","[{""declaration_file"":""tcl/target/at91sam3u1e.cfg"",""bank"":""$_FLASHNAME"",""driver"":""at91sam3"",""base"":""0x000080000""}]","[""tcl/target/at91sam3u1e.cfg"",""tcl/target/at91sam3uxx.cfg"",""tcl/target/at91sam3XXX.cfg"",""tcl/target/swj-dp.tcl""]",upstream-openocd,56b8d93fbe61a78dc903d770820d6d896b6d8134,not_verified
Microchip,AT91SAM3U2C,tcl/target/at91sam3u2c.cfg,MCU,Auto-classified,flash_driver_declared,Concrete OpenOCD Flash driver resolved statically,"[""at91sam3""]","[{""declaration_file"":""tcl/target/at91sam3u2c.cfg"",""bank"":""$_FLASHNAME"",""driver"":""at91sam3"",""base"":""0x000080000""}]","[""tcl/target/at91sam3u2c.cfg"",""tcl/target/at91sam3uxx.cfg"",""tcl/target/at91sam3XXX.cfg"",""tcl/target/swj-dp.tcl""]",upstream-openocd,56b8d93fbe61a78dc903d770820d6d896b6d8134,not_verified
Microchip,AT91SAM3U2E,tcl/target/at91sam3u2e.cfg,MCU,Auto-classified,flash_driver_declared,Concrete OpenOCD Flash driver resolved statically,"[""at91sam3""]","[{""declaration_file"":""tcl/target/at91sam3u2e.cfg"",""bank"":""$_FLASHNAME"",""driver"":""at91sam3"",""base"":""0x000080000""}]","[""tcl/target/at91sam3u2e.cfg"",""tcl/target/at91sam3uxx.cfg"",""tcl/target/at91sam3XXX.cfg"",""tcl/target/swj-dp.tcl""]",upstream-openocd,56b8d93fbe61a78dc903d770820d6d896b6d8134,not_verified
Microchip,AT91SAM3U4C,tcl/target/at91sam3u4c.cfg,MCU,Auto-classified,flash_driver_declared,Concrete OpenOCD Flash driver resolved statically,"[""at91sam3""]","[{""declaration_file"":""tcl/target/at91sam3u4c.cfg"",""bank"":""$_FLASHNAME"",""driver"":""at91sam3"",""base"":""0x000080000""},{""declaration_file"":""tcl/target/at91sam3u4c.cfg"",""bank"":""$_FLASHNAME"",""driver"":""at91sam3"",""base"":""0x000100000""}]","[""tcl/target/at91sam3u4c.cfg"",""tcl/target/at91sam3uxx.cfg"",""tcl/target/at91sam3XXX.cfg"",""tcl/target/swj-dp.tcl""]",upstream-openocd,56b8d93fbe61a78dc903d770820d6d896b6d8134,not_verified
Microchip,AT91SAM3U4E,tcl/target/at91sam3u4e.cfg,MCU,Auto-classified,flash_driver_declared,Concrete OpenOCD Flash driver resolved statically,"[""at91sam3""]","[{""declaration_file"":""tcl/target/at91sam3u4e.cfg"",""bank"":""$_FLASHNAME"",""driver"":""at91sam3"",""base"":""0x000080000""},{""declaration_file"":""tcl/target/at91sam3u4e.cfg"",""bank"":""$_FLASHNAME"",""driver"":""at91sam3"",""base"":""0x000100000""}]","[""tcl/target/at91sam3u4e.cfg"",""tcl/target/at91sam3uxx.cfg"",""tcl/target/at91sam3XXX.cfg"",""tcl/target/swj-dp.tcl""]",upstream-openocd,56b8d93fbe61a78dc903d770820d6d896b6d8134,not_verified
Microchip,AT91SAM4C32X,tcl/target/at91sam4c32x.cfg,MCU,Auto-classified,flash_driver_declared,Concrete OpenOCD Flash driver resolved statically,"[""at91sam4""]","[{""declaration_file"":""tcl/target/at91sam4c32x.cfg"",""bank"":""$_FLASHNAME"",""driver"":""at91sam4"",""base"":""0x01000000""},{""declaration_file"":""tcl/target/at91sam4c32x.cfg"",""bank"":""$_FLASHNAME"",""driver"":""at91sam4"",""base"":""0x01100000""}]","[""tcl/target/at91sam4c32x.cfg"",""tcl/target/at91sam4XXX.cfg"",""tcl/target/swj-dp.tcl""]",upstream-openocd,56b8d93fbe61a78dc903d770820d6d896b6d8134,not_verified
Microchip,AT91SAM4CX,tcl/target/at91sam4cXXX.cfg,MCU,Auto-classified,flash_driver_declared,Concrete OpenOCD Flash driver resolved statically,"[""at91sam4""]","[{""declaration_file"":""tcl/target/at91sam4cXXX.cfg"",""bank"":""$_FLASHNAME"",""driver"":""at91sam4"",""base"":""0x01000000""}]","[""tcl/target/at91sam4cXXX.cfg"",""tcl/target/at91sam4XXX.cfg"",""tcl/target/swj-dp.tcl""]",upstream-openocd,56b8d93fbe61a78dc903d770820d6d896b6d8134,not_verified
Microchip,AT91SAM4LX,tcl/target/at91sam4lXX.cfg,MCU,Auto-classified,flash_driver_declared,Concrete OpenOCD Flash driver resolved statically,"[""at91sam4l""]","[{""declaration_file"":""tcl/target/at91sam4lXX.cfg"",""bank"":""$_FLASHNAME"",""driver"":""at91sam4l"",""base"":""0x00000000""}]","[""tcl/target/at91sam4lXX.cfg"",""tcl/target/at91sam4XXX.cfg"",""tcl/target/swj-dp.tcl""]",upstream-openocd,56b8d93fbe61a78dc903d770820d6d896b6d8134,not_verified
Microchip,AT91SAM4SX,tcl/target/at91sam4sXX.cfg,MCU,Auto-classified,flash_driver_declared,Concrete OpenOCD Flash driver resolved statically,"[""at91sam4""]","[{""declaration_file"":""tcl/target/at91sam4sXX.cfg"",""bank"":""$_FLASHNAME"",""driver"":""at91sam4"",""base"":""0x00400000""}]","[""tcl/target/at91sam4sXX.cfg"",""tcl/target/at91sam4XXX.cfg"",""tcl/target/swj-dp.tcl""]",upstream-openocd,56b8d93fbe61a78dc903d770820d6d896b6d8134,not_verified
Microchip,AT91SAM4SD32X,tcl/target/at91sam4sd32x.cfg,MCU,Auto-classified,flash_driver_declared,Concrete OpenOCD Flash driver resolved statically,"[""at91sam4""]","[{""declaration_file"":""tcl/target/at91sam4sd32x.cfg"",""bank"":""$_FLASHNAME"",""driver"":""at91sam4"",""base"":""0x00400000""},{""declaration_file"":""tcl/target/at91sam4sd32x.cfg"",""bank"":""$_FLASHNAME"",""driver"":""at91sam4"",""base"":""0x00500000""}]","[""tcl/target/at91sam4sd32x.cfg"",""tcl/target/at91sam4XXX.cfg"",""tcl/target/swj-dp.tcl""]",upstream-openocd,56b8d93fbe61a78dc903d770820d6d896b6d8134,not_verified
Microchip,AT91SAM7SE512,tcl/target/at91sam7se512.cfg,MCU,Auto-classified,flash_driver_declared,Concrete OpenOCD Flash driver resolved statically,"[""at91sam7""]","[{""declaration_file"":""tcl/target/at91sam7se512.cfg"",""bank"":""$_FLASHNAME"",""driver"":""at91sam7"",""base"":""0""}]","[""tcl/target/at91sam7se512.cfg""]",upstream-openocd,56b8d93fbe61a78dc903d770820d6d896b6d8134,not_verified
Microchip,AT91SAM7SX,tcl/target/at91sam7sx.cfg,MCU,Auto-classified,flash_driver_declared,Concrete OpenOCD Flash driver resolved statically,"[""at91sam7""]","[{""declaration_file"":""tcl/target/at91sam7sx.cfg"",""bank"":""$_FLASHNAME"",""driver"":""at91sam7"",""base"":""0""}]","[""tcl/target/at91sam7sx.cfg""]",upstream-openocd,56b8d93fbe61a78dc903d770820d6d896b6d8134,not_verified
Microchip,AT91SAM7X256,tcl/target/at91sam7x256.cfg,MCU,Auto-classified,flash_driver_declared,Concrete OpenOCD Flash driver resolved statically,"[""at91sam7""]","[{""declaration_file"":""tcl/target/at91sam7x256.cfg"",""bank"":""$_FLASHNAME"",""driver"":""at91sam7"",""base"":""0""}]","[""tcl/target/at91sam7x256.cfg""]",upstream-openocd,56b8d93fbe61a78dc903d770820d6d896b6d8134,not_verified
Microchip,AT91SAM7X512,tcl/target/at91sam7x512.cfg,MCU,Auto-classified,flash_driver_declared,Concrete OpenOCD Flash driver resolved statically,"[""at91sam7""]","[{""declaration_file"":""tcl/target/at91sam7x512.cfg"",""bank"":""$_FLASHNAME.0"",""driver"":""at91sam7"",""base"":""0""},{""declaration_file"":""tcl/target/at91sam7x512.cfg"",""bank"":""$_FLASHNAME.1"",""driver"":""at91sam7"",""base"":""0""}]","[""tcl/target/at91sam7x512.cfg""]",upstream-openocd,56b8d93fbe61a78dc903d770820d6d896b6d8134,not_verified
Microchip,AT91SAM9260,tcl/target/at91sam9260_ext_RAM_ext_flash.cfg,MCU,Auto-classified,external_flash_only,Only an external/general-purpose Flash bank was resolved,"[""cfi""]","[{""declaration_file"":""tcl/target/at91sam9260_ext_RAM_ext_flash.cfg"",""bank"":""$_FLASHNAME"",""driver"":""cfi"",""base"":""0x10000000""}]","[""tcl/target/at91sam9260_ext_RAM_ext_flash.cfg"",""tcl/target/at91sam9261.cfg"",""tcl/target/at91sam9.cfg""]",upstream-openocd,56b8d93fbe61a78dc903d770820d6d896b6d8134,not_verified
Microchip,AT91SAMG5X,tcl/target/at91samg5x.cfg,MCU,Auto-classified,flash_driver_declared,Concrete OpenOCD Flash driver resolved statically,"[""at91sam4""]","[{""declaration_file"":""tcl/target/at91samg5x.cfg"",""bank"":""$_FLASHNAME"",""driver"":""at91sam4"",""base"":""0x00400000""}]","[""tcl/target/at91samg5x.cfg"",""tcl/target/at91sam4XXX.cfg"",""tcl/target/swj-dp.tcl""]",upstream-openocd,56b8d93fbe61a78dc903d770820d6d896b6d8134,not_verified
Microchip,ATMEGA128,tcl/target/atmega128.cfg,MCU,Auto-classified,flash_driver_declared,Concrete OpenOCD Flash driver resolved statically,"[""avr""]","[{""declaration_file"":""tcl/target/atmega128.cfg"",""bank"":""$_FLASHNAME"",""driver"":""avr"",""base"":""0""}]","[""tcl/target/atmega128.cfg""]",upstream-openocd,56b8d93fbe61a78dc903d770820d6d896b6d8134,not_verified
Microchip,ATMEGA128,tcl/target/atmega128rfa1.cfg,MCU,Auto-classified,flash_driver_declared,Concrete OpenOCD Flash driver resolved statically,"[""avr""]","[{""declaration_file"":""tcl/target/atmega128rfa1.cfg"",""bank"":""$_FLASHNAME"",""driver"":""avr"",""base"":""0""}]","[""tcl/target/atmega128rfa1.cfg""]",upstream-openocd,56b8d93fbe61a78dc903d770820d6d896b6d8134,not_verified
Microchip,ATMEGA32,tcl/target/atmega32u4.cfg,MCU,Auto-classified,flash_driver_declared,Concrete OpenOCD Flash driver resolved statically,"[""avr""]","[{""declaration_file"":""tcl/target/atmega32u4.cfg"",""bank"":""$_FLASHNAME"",""driver"":""avr"",""base"":""0""}]","[""tcl/target/atmega32u4.cfg""]",upstream-openocd,56b8d93fbe61a78dc903d770820d6d896b6d8134,not_verified
Microchip,PIC32MX,tcl/target/pic32mx.cfg,MCU,Auto-classified,flash_driver_declared,Concrete OpenOCD Flash driver resolved statically,"[""pic32mx"",""virtual""]","[{""declaration_file"":""tcl/target/pic32mx.cfg"",""bank"":""$_FLASHNAME"",""driver"":""pic32mx"",""base"":""0x1fc00000""},{""declaration_file"":""tcl/target/pic32mx.cfg"",""bank"":""vbank0"",""driver"":""virtual"",""base"":""0xbfc00000""},{""declaration_file"":""tcl/target/pic32mx.cfg"",""bank"":""vbank1"",""driver"":""virtual"",""base"":""0x9fc00000""},{""declaration_file"":""tcl/target/pic32mx.cfg"",""bank"":""$_FLASHNAME"",""driver"":""pic32mx"",""base"":""0x1d000000""},{""declaration_file"":""tcl/target/pic32mx.cfg"",""bank"":""vbank2"",""driver"":""virtual"",""base"":""0xbd000000""},{""declaration_file"":""tcl/target/pic32mx.cfg"",""bank"":""vbank3"",""driver"":""virtual"",""base"":""0x9d000000""}]","[""tcl/target/pic32mx.cfg""]",upstream-openocd,56b8d93fbe61a78dc903d770820d6d896b6d8134,not_verified
NXP,K1921VK01T,tcl/target/k1921vk01t.cfg,MCU,Auto-classified,flash_driver_declared,Concrete OpenOCD Flash driver resolved statically,"[""niietcm4""]","[{""declaration_file"":""tcl/target/k1921vk01t.cfg"",""bank"":""$_CHIPNAME.flash"",""driver"":""niietcm4"",""base"":""0""}]","[""tcl/target/k1921vk01t.cfg"",""tcl/target/swj-dp.tcl"",""tcl/mem_helper.tcl""]",upstream-openocd,56b8d93fbe61a78dc903d770820d6d896b6d8134,not_verified
NXP,K40,tcl/target/k40.cfg,MCU,Auto-classified,flash_driver_declared,Concrete OpenOCD Flash driver resolved statically,"[""kinetis""]","[{""declaration_file"":""tcl/target/kx.cfg"",""bank"":""$_FLASHNAME"",""driver"":""kinetis"",""base"":""0""}]","[""tcl/target/k40.cfg"",""tcl/target/kx.cfg"",""tcl/target/swj-dp.tcl""]",upstream-openocd,56b8d93fbe61a78dc903d770820d6d896b6d8134,not_verified
NXP,K60,tcl/target/k60.cfg,MCU,Auto-classified,flash_driver_declared,Concrete OpenOCD Flash driver resolved statically,"[""kinetis""]","[{""declaration_file"":""tcl/target/kx.cfg"",""bank"":""$_FLASHNAME"",""driver"":""kinetis"",""base"":""0""}]","[""tcl/target/k60.cfg"",""tcl/target/kx.cfg"",""tcl/target/swj-dp.tcl""]",upstream-openocd,56b8d93fbe61a78dc903d770820d6d896b6d8134,not_verified
NXP,KL25,tcl/target/kl25.cfg,MCU,Auto-classified,flash_driver_declared,Concrete OpenOCD Flash driver resolved statically,"[""kinetis""]","[{""declaration_file"":""tcl/target/klx.cfg"",""bank"":""$_FLASHNAME"",""driver"":""kinetis"",""base"":""0""}]","[""tcl/target/kl25.cfg"",""tcl/target/klx.cfg""]",upstream-openocd,56b8d93fbe61a78dc903d770820d6d896b6d8134,not_verified
NXP,LPC11,tcl/target/lpc11xx.cfg,MCU,Auto-classified,flash_driver_declared,Concrete OpenOCD Flash driver resolved statically,"[""lpc2000""]","[{""declaration_file"":""tcl/target/lpc1xxx.cfg"",""bank"":""$_FLASHNAME"",""driver"":""lpc2000"",""base"":""0x0""}]","[""tcl/target/lpc11xx.cfg"",""tcl/target/lpc1xxx.cfg"",""tcl/target/swj-dp.tcl""]",upstream-openocd,56b8d93fbe61a78dc903d770820d6d896b6d8134,not_verified
NXP,LPC12,tcl/target/lpc12xx.cfg,MCU,Auto-classified,flash_driver_declared,Concrete OpenOCD Flash driver resolved statically,"[""lpc2000""]","[{""declaration_file"":""tcl/target/lpc1xxx.cfg"",""bank"":""$_FLASHNAME"",""driver"":""lpc2000"",""base"":""0x0""}]","[""tcl/target/lpc12xx.cfg"",""tcl/target/lpc1xxx.cfg"",""tcl/target/swj-dp.tcl""]",upstream-openocd,56b8d93fbe61a78dc903d770820d6d896b6d8134,not_verified
NXP,LPC13,tcl/target/lpc13xx.cfg,MCU,Auto-classified,flash_driver_declared,Concrete OpenOCD Flash driver resolved statically,"[""lpc2000""]","[{""declaration_file"":""tcl/target/lpc1xxx.cfg"",""bank"":""$_FLASHNAME"",""driver"":""lpc2000"",""base"":""0x0""}]","[""tcl/target/lpc13xx.cfg"",""tcl/target/lpc1xxx.cfg"",""tcl/target/swj-dp.tcl""]",upstream-openocd,56b8d93fbe61a78dc903d770820d6d896b6d8134,not_verified
NXP,LPC17,tcl/target/lpc17xx.cfg,MCU,Auto-classified,flash_driver_declared,Concrete OpenOCD Flash driver resolved statically,"[""lpc2000""]","[{""declaration_file"":""tcl/target/lpc1xxx.cfg"",""bank"":""$_FLASHNAME"",""driver"":""lpc2000"",""base"":""0x0""}]","[""tcl/target/lpc17xx.cfg"",""tcl/target/lpc1xxx.cfg"",""tcl/target/swj-dp.tcl""]",upstream-openocd,56b8d93fbe61a78dc903d770820d6d896b6d8134,not_verified
NXP,LPC1XXX,tcl/target/lpc1xxx.cfg,MCU,Internal/helper,helper_or_alias,Common/base or bank-layout configuration; collapse into a customer target,"[""lpc2000""]","[{""declaration_file"":""tcl/target/lpc1xxx.cfg"",""bank"":""$_FLASHNAME"",""driver"":""lpc2000"",""base"":""0x0""}]","[""tcl/target/lpc1xxx.cfg"",""tcl/target/swj-dp.tcl""]",upstream-openocd,56b8d93fbe61a78dc903d770820d6d896b6d8134,not_verified
NXP,LPC21,tcl/target/lpc2103.cfg,MCU,Auto-classified,flash_driver_declared,Concrete OpenOCD Flash driver resolved statically,"[""lpc2000""]","[{""declaration_file"":""tcl/target/lpc2xxx.cfg"",""bank"":""$_FLASHNAME"",""driver"":""lpc2000"",""base"":""0x0""}]","[""tcl/target/lpc2103.cfg"",""tcl/target/lpc2xxx.cfg""]",upstream-openocd,56b8d93fbe61a78dc903d770820d6d896b6d8134,not_verified
NXP,LPC21,tcl/target/lpc2124.cfg,MCU,Auto-classified,flash_driver_declared,Concrete OpenOCD Flash driver resolved statically,"[""lpc2000""]","[{""declaration_file"":""tcl/target/lpc2xxx.cfg"",""bank"":""$_FLASHNAME"",""driver"":""lpc2000"",""base"":""0x0""}]","[""tcl/target/lpc2124.cfg"",""tcl/target/lpc2xxx.cfg""]",upstream-openocd,56b8d93fbe61a78dc903d770820d6d896b6d8134,not_verified
NXP,LPC21,tcl/target/lpc2129.cfg,MCU,Auto-classified,flash_driver_declared,Concrete OpenOCD Flash driver resolved statically,"[""lpc2000""]","[{""declaration_file"":""tcl/target/lpc2xxx.cfg"",""bank"":""$_FLASHNAME"",""driver"":""lpc2000"",""base"":""0x0""}]","[""tcl/target/lpc2129.cfg"",""tcl/target/lpc2xxx.cfg""]",upstream-openocd,56b8d93fbe61a78dc903d770820d6d896b6d8134,not_verified
NXP,LPC21,tcl/target/lpc2148.cfg,MCU,Auto-classified,flash_driver_declared,Concrete OpenOCD Flash driver resolved statically,"[""lpc2000""]","[{""declaration_file"":""tcl/target/lpc2xxx.cfg"",""bank"":""$_FLASHNAME"",""driver"":""lpc2000"",""base"":""0x0""}]","[""tcl/target/lpc2148.cfg"",""tcl/target/lpc2xxx.cfg""]",upstream-openocd,56b8d93fbe61a78dc903d770820d6d896b6d8134,not_verified
NXP,LPC22,tcl/target/lpc2294.cfg,MCU,Auto-classified,flash_driver_declared,Concrete OpenOCD Flash driver resolved statically,"[""lpc2000""]","[{""declaration_file"":""tcl/target/lpc2xxx.cfg"",""bank"":""$_FLASHNAME"",""driver"":""lpc2000"",""base"":""0x0""}]","[""tcl/target/lpc2294.cfg"",""tcl/target/lpc2xxx.cfg""]",upstream-openocd,56b8d93fbe61a78dc903d770820d6d896b6d8134,not_verified
NXP,LPC23,tcl/target/lpc2378.cfg,MCU,Auto-classified,flash_driver_declared,Concrete OpenOCD Flash driver resolved statically,"[""lpc2000""]","[{""declaration_file"":""tcl/target/lpc2xxx.cfg"",""bank"":""$_FLASHNAME"",""driver"":""lpc2000"",""base"":""0x0""}]","[""tcl/target/lpc2378.cfg"",""tcl/target/lpc2xxx.cfg""]",upstream-openocd,56b8d93fbe61a78dc903d770820d6d896b6d8134,not_verified
NXP,LPC24,tcl/target/lpc2460.cfg,MCU,Auto-classified,flash_driver_declared,Concrete OpenOCD Flash driver resolved statically,"[""lpc2000""]","[{""declaration_file"":""tcl/target/lpc2xxx.cfg"",""bank"":""$_FLASHNAME"",""driver"":""lpc2000"",""base"":""0x0""}]","[""tcl/target/lpc2460.cfg"",""tcl/target/lpc2xxx.cfg""]",upstream-openocd,56b8d93fbe61a78dc903d770820d6d896b6d8134,not_verified
NXP,LPC24,tcl/target/lpc2478.cfg,MCU,Auto-classified,flash_driver_declared,Concrete OpenOCD Flash driver resolved statically,"[""lpc2000""]","[{""declaration_file"":""tcl/target/lpc2xxx.cfg"",""bank"":""$_FLASHNAME"",""driver"":""lpc2000"",""base"":""0x0""}]","[""tcl/target/lpc2478.cfg"",""tcl/target/lpc2xxx.cfg""]",upstream-openocd,56b8d93fbe61a78dc903d770820d6d896b6d8134,not_verified
NXP,LPC29,tcl/target/lpc2900.cfg,MCU,Auto-classified,flash_driver_declared,Concrete OpenOCD Flash driver resolved statically,"[""lpc2900""]","[{""declaration_file"":""tcl/target/lpc2900.cfg"",""bank"":""$_FLASHNAME"",""driver"":""lpc2900"",""base"":""0""}]","[""tcl/target/lpc2900.cfg""]",upstream-openocd,56b8d93fbe61a78dc903d770820d6d896b6d8134,not_verified
NXP,LPC2XXX,tcl/target/lpc2xxx.cfg,MCU,Internal/helper,helper_or_alias,Common/base or bank-layout configuration; collapse into a customer target,"[""lpc2000""]","[{""declaration_file"":""tcl/target/lpc2xxx.cfg"",""bank"":""$_FLASHNAME"",""driver"":""lpc2000"",""base"":""0x0""}]","[""tcl/target/lpc2xxx.cfg""]",upstream-openocd,56b8d93fbe61a78dc903d770820d6d896b6d8134,not_verified
NXP,LPC40,tcl/target/lpc40xx.cfg,MCU,Auto-classified,flash_driver_declared,Concrete OpenOCD Flash driver resolved statically,"[""lpc2000""]","[{""declaration_file"":""tcl/target/lpc1xxx.cfg"",""bank"":""$_FLASHNAME"",""driver"":""lpc2000"",""base"":""0x0""}]","[""tcl/target/lpc40xx.cfg"",""tcl/target/lpc1xxx.cfg"",""tcl/target/swj-dp.tcl""]",upstream-openocd,56b8d93fbe61a78dc903d770820d6d896b6d8134,not_verified
NXP,LPC43,tcl/target/lpc4357.cfg,MCU,Auto-classified,flash_driver_declared,Concrete OpenOCD Flash driver resolved statically,"[""lpc2000""]","[{""declaration_file"":""tcl/target/lpc4357.cfg"",""bank"":""$_CHIPNAME.flasha"",""driver"":""lpc2000"",""base"":""0x1A000000""},{""declaration_file"":""tcl/target/lpc4357.cfg"",""bank"":""$_CHIPNAME.flashb"",""driver"":""lpc2000"",""base"":""0x1B000000""}]","[""tcl/target/lpc4357.cfg"",""tcl/target/lpc4350.cfg"",""tcl/target/swj-dp.tcl""]",upstream-openocd,56b8d93fbe61a78dc903d770820d6d896b6d8134,not_verified
NXP,LPC8NXX,tcl/target/lpc8nxx.cfg,MCU,Auto-classified,flash_driver_declared,Concrete OpenOCD Flash driver resolved statically,"[""lpc2000""]","[{""declaration_file"":""tcl/target/lpc8nxx.cfg"",""bank"":""$_CHIPNAME.flash"",""driver"":""lpc2000"",""base"":""0x0""}]","[""tcl/target/lpc8nxx.cfg"",""tcl/mem_helper.tcl""]",upstream-openocd,56b8d93fbe61a78dc903d770820d6d896b6d8134,not_verified
NXP,LPC8XX,tcl/target/lpc8xx.cfg,MCU,Auto-classified,flash_driver_declared,Concrete OpenOCD Flash driver resolved statically,"[""lpc2000""]","[{""declaration_file"":""tcl/target/lpc1xxx.cfg"",""bank"":""$_FLASHNAME"",""driver"":""lpc2000"",""base"":""0x0""}]","[""tcl/target/lpc8xx.cfg"",""tcl/target/lpc1xxx.cfg"",""tcl/target/swj-dp.tcl""]",upstream-openocd,56b8d93fbe61a78dc903d770820d6d896b6d8134,not_verified
NXP,NHS31XX,tcl/target/nhs31xx.cfg,MCU,Auto-classified,flash_driver_declared,Concrete OpenOCD Flash driver resolved statically,"[""lpc2000""]","[{""declaration_file"":""tcl/target/lpc8nxx.cfg"",""bank"":""$_CHIPNAME.flash"",""driver"":""lpc2000"",""base"":""0x0""}]","[""tcl/target/nhs31xx.cfg"",""tcl/target/lpc8nxx.cfg"",""tcl/mem_helper.tcl""]",upstream-openocd,56b8d93fbe61a78dc903d770820d6d896b6d8134,not_verified
NXP,S32K,tcl/target/s32k.cfg,MCU,Auto-classified,flash_driver_declared,Concrete OpenOCD Flash driver resolved statically,"[""kinetis""]","[{""declaration_file"":""tcl/target/s32k.cfg"",""bank"":""$_FLASHNAME"",""driver"":""kinetis"",""base"":""0""}]","[""tcl/target/s32k.cfg"",""tcl/target/swj-dp.tcl""]",upstream-openocd,56b8d93fbe61a78dc903d770820d6d896b6d8134,not_verified
Nuvoton,NPCX,tcl/target/npcx.cfg,MCU,Auto-classified,flash_driver_declared,Concrete OpenOCD Flash driver resolved statically,"[""npcx""]","[{""declaration_file"":""tcl/target/npcx.cfg"",""bank"":""$_FLASHNAME"",""driver"":""npcx"",""base"":""0x64000000""}]","[""tcl/target/npcx.cfg"",""tcl/target/swj-dp.tcl""]",upstream-openocd,56b8d93fbe61a78dc903d770820d6d896b6d8134,not_verified
Nuvoton,NUMICRO,tcl/target/numicro_m4.cfg,MCU,Auto-classified,flash_driver_declared,Concrete OpenOCD Flash driver resolved statically,"[""numicro""]","[{""declaration_file"":""tcl/target/numicro_m4.cfg"",""bank"":""$_FLASHNAME"",""driver"":""numicro"",""base"":""0x00000000""},{""declaration_file"":""tcl/target/numicro_m4.cfg"",""bank"":""$_FLASHNAME"",""driver"":""numicro"",""base"":""0x0001F000""},{""declaration_file"":""tcl/target/numicro_m4.cfg"",""bank"":""$_FLASHNAME"",""driver"":""numicro"",""base"":""0x00100000""},{""declaration_file"":""tcl/target/numicro_m4.cfg"",""bank"":""$_FLASHNAME"",""driver"":""numicro"",""base"":""0x00300000""}]","[""tcl/target/numicro_m4.cfg""]",upstream-openocd,56b8d93fbe61a78dc903d770820d6d896b6d8134,not_verified
Raspberry Pi,RP2040,tcl/target/rp2040.cfg,MCU,Auto-classified,flash_driver_declared,Concrete OpenOCD Flash driver resolved statically,"[""rp2xxx"",""virtual""]","[{""declaration_file"":""tcl/target/rp2040.cfg"",""bank"":""$_FLASHNAME"",""driver"":""rp2xxx"",""base"":""0x10000000""},{""declaration_file"":""tcl/target/rp2040.cfg"",""bank"":""$_CHIPNAME.alias"",""driver"":""virtual"",""base"":""0x10000000""}]","[""tcl/target/rp2040.cfg""]",upstream-openocd,56b8d93fbe61a78dc903d770820d6d896b6d8134,not_verified
Raspberry Pi,RP2350,tcl/target/rp2350.cfg,MCU,Auto-classified,flash_driver_declared,Concrete OpenOCD Flash driver resolved statically,"[""rp2xxx"",""virtual""]","[{""declaration_file"":""tcl/target/rp2350.cfg"",""bank"":""$_FLASHNAME"",""driver"":""rp2xxx"",""base"":""0x10000000""},{""declaration_file"":""tcl/target/rp2350.cfg"",""bank"":""$_CHIPNAME.alias"",""driver"":""virtual"",""base"":""0x10000000""}]","[""tcl/target/rp2350.cfg""]",upstream-openocd,56b8d93fbe61a78dc903d770820d6d896b6d8134,not_verified
STMicroelectronics,BLUENRG-X,tcl/target/bluenrg-x.cfg,MCU,Auto-classified,flash_driver_declared,Concrete OpenOCD Flash driver resolved statically,"[""bluenrg-x""]","[{""declaration_file"":""tcl/target/bluenrg-x.cfg"",""bank"":""$_FLASHNAME"",""driver"":""bluenrg-x"",""base"":""0""}]","[""tcl/target/bluenrg-x.cfg"",""tcl/target/swj-dp.tcl"",""tcl/mem_helper.tcl""]",upstream-openocd,56b8d93fbe61a78dc903d770820d6d896b6d8134,not_verified
STMicroelectronics,STM32H7,tcl/target/stm32h7rsx.cfg,MCU,Auto-classified,flash_driver_declared,Concrete OpenOCD Flash driver resolved statically,"[""stm32h7x""]","[{""declaration_file"":""tcl/target/stm32h7rsx.cfg"",""bank"":""$_CHIPNAME.flash"",""driver"":""stm32h7x"",""base"":""0x08000000""}]","[""tcl/target/stm32h7rsx.cfg"",""tcl/target/swj-dp.tcl"",""tcl/mem_helper.tcl""]",upstream-openocd,56b8d93fbe61a78dc903d770820d6d896b6d8134,not_verified
STMicroelectronics,STM32H7,tcl/target/stm32h7x_dual_bank.cfg,MCU,Auto-classified,helper_or_alias,Common/base or bank-layout configuration; collapse into a customer target,"[""stm32h7x"",""stmqspi""]","[{""declaration_file"":""tcl/target/stm32h7x.cfg"",""bank"":""$_CHIPNAME.bank1.cpu0"",""driver"":""stm32h7x"",""base"":""0x08000000""},{""declaration_file"":""tcl/target/stm32h7x.cfg"",""bank"":""$_CHIPNAME.bank2.cpu0"",""driver"":""stm32h7x"",""base"":""0x08100000""},{""declaration_file"":""tcl/target/stm32h7x.cfg"",""bank"":""$_CHIPNAME.bank1.cpu1"",""driver"":""stm32h7x"",""base"":""0x08000000""},{""declaration_file"":""tcl/target/stm32h7x.cfg"",""bank"":""$_CHIPNAME.bank2.cpu1"",""driver"":""stm32h7x"",""base"":""0x08100000""},{""declaration_file"":""tcl/target/stm32h7x.cfg"",""bank"":""$_QSPINAME"",""driver"":""stmqspi"",""base"":""0x90000000""},{""declaration_file"":""tcl/target/stm32h7x.cfg"",""bank"":""$_OCTOSPINAME1"",""driver"":""stmqspi"",""base"":""0x90000000""},{""declaration_file"":""tcl/target/stm32h7x.cfg"",""bank"":""$_OCTOSPINAME2"",""driver"":""stmqspi"",""base"":""0x70000000""}]","[""tcl/target/stm32h7x_dual_bank.cfg"",""tcl/target/stm32h7x.cfg"",""tcl/target/swj-dp.tcl"",""tcl/mem_helper.tcl""]",upstream-openocd,56b8d93fbe61a78dc903d770820d6d896b6d8134,not_verified
STMicroelectronics,STM32L0,tcl/target/stm32l0_dual_bank.cfg,MCU,Auto-classified,helper_or_alias,Common/base or bank-layout configuration; collapse into a customer target,"[""stm32lx""]","[{""declaration_file"":""tcl/target/stm32l0_dual_bank.cfg"",""bank"":""$_FLASHNAME"",""driver"":""stm32lx"",""base"":""0""},{""declaration_file"":""tcl/target/stm32l0.cfg"",""bank"":""$_FLASHNAME"",""driver"":""stm32lx"",""base"":""0x08000000""}]","[""tcl/target/stm32l0_dual_bank.cfg"",""tcl/target/stm32l0.cfg"",""tcl/mem_helper.tcl""]",upstream-openocd,56b8d93fbe61a78dc903d770820d6d896b6d8134,not_verified
STMicroelectronics,STM32L1,tcl/target/stm32l1x_dual_bank.cfg,MCU,Auto-classified,helper_or_alias,Common/base or bank-layout configuration; collapse into a customer target,"[""stm32lx""]","[{""declaration_file"":""tcl/target/stm32l1x_dual_bank.cfg"",""bank"":""$_FLASHNAME"",""driver"":""stm32lx"",""base"":""0""},{""declaration_file"":""tcl/target/stm32l1.cfg"",""bank"":""$_FLASHNAME"",""driver"":""stm32lx"",""base"":""0x08000000""}]","[""tcl/target/stm32l1x_dual_bank.cfg"",""tcl/target/stm32l1.cfg"",""tcl/target/swj-dp.tcl"",""tcl/mem_helper.tcl""]",upstream-openocd,56b8d93fbe61a78dc903d770820d6d896b6d8134,not_verified
STMicroelectronics,STM32W108,tcl/target/stm32w108xx.cfg,MCU,Auto-classified,flash_driver_declared,Concrete OpenOCD Flash driver resolved statically,"[""em357""]","[{""declaration_file"":""tcl/target/stm32w108xx.cfg"",""bank"":""$_FLASHNAME"",""driver"":""em357"",""base"":""0x08000000""}]","[""tcl/target/stm32w108xx.cfg"",""tcl/target/swj-dp.tcl""]",upstream-openocd,56b8d93fbe61a78dc903d770820d6d896b6d8134,not_verified
STMicroelectronics,STM32WBA2X,tcl/target/stm32wba2x.cfg,MCU,Auto-classified,flash_driver_declared,Concrete OpenOCD Flash driver resolved statically,"[""stm32l4x""]","[{""declaration_file"":""tcl/target/stm32wba2x.cfg"",""bank"":""$_CHIPNAME.flash"",""driver"":""stm32l4x"",""base"":""0x08000000""},{""declaration_file"":""tcl/target/stm32wba2x.cfg"",""bank"":""$_CHIPNAME.otp"",""driver"":""stm32l4x"",""base"":""0x0bf8d000""}]","[""tcl/target/stm32wba2x.cfg"",""tcl/target/swj-dp.tcl"",""tcl/mem_helper.tcl""]",upstream-openocd,56b8d93fbe61a78dc903d770820d6d896b6d8134,not_verified
STMicroelectronics,STM32WBA5X,tcl/target/stm32wba5x.cfg,MCU,Auto-classified,flash_driver_declared,Concrete OpenOCD Flash driver resolved statically,"[""stm32l4x""]","[{""declaration_file"":""tcl/target/stm32wba5x.cfg"",""bank"":""$_CHIPNAME.flash"",""driver"":""stm32l4x"",""base"":""0x08000000""},{""declaration_file"":""tcl/target/stm32wba5x.cfg"",""bank"":""$_CHIPNAME.otp"",""driver"":""stm32l4x"",""base"":""0x0bf90000""}]","[""tcl/target/stm32wba5x.cfg"",""tcl/target/swj-dp.tcl"",""tcl/mem_helper.tcl""]",upstream-openocd,56b8d93fbe61a78dc903d770820d6d896b6d8134,not_verified
STMicroelectronics,STM32WBA6X,tcl/target/stm32wba6x.cfg,MCU,Auto-classified,flash_driver_declared,Concrete OpenOCD Flash driver resolved statically,"[""stm32l4x""]","[{""declaration_file"":""tcl/target/stm32wba6x.cfg"",""bank"":""$_CHIPNAME.flash"",""driver"":""stm32l4x"",""base"":""0x08000000""},{""declaration_file"":""tcl/target/stm32wba6x.cfg"",""bank"":""$_CHIPNAME.otp"",""driver"":""stm32l4x"",""base"":""0x0bfa0000""}]","[""tcl/target/stm32wba6x.cfg"",""tcl/target/swj-dp.tcl"",""tcl/mem_helper.tcl""]",upstream-openocd,56b8d93fbe61a78dc903d770820d6d896b6d8134,not_verified
STMicroelectronics,STM32WBX,tcl/target/stm32wbx.cfg,MCU,Auto-classified,flash_driver_declared,Concrete OpenOCD Flash driver resolved statically,"[""stm32l4x""]","[{""declaration_file"":""tcl/target/stm32wbx.cfg"",""bank"":""$_CHIPNAME.flash"",""driver"":""stm32l4x"",""base"":""0x08000000""},{""declaration_file"":""tcl/target/stm32wbx.cfg"",""bank"":""$_CHIPNAME.otp"",""driver"":""stm32l4x"",""base"":""0x1fff7000""}]","[""tcl/target/stm32wbx.cfg"",""tcl/target/swj-dp.tcl"",""tcl/mem_helper.tcl""]",upstream-openocd,56b8d93fbe61a78dc903d770820d6d896b6d8134,not_verified
STMicroelectronics,STM32WLX,tcl/target/stm32wlx.cfg,MCU,Auto-classified,flash_driver_declared,Concrete OpenOCD Flash driver resolved statically,"[""stm32l4x""]","[{""declaration_file"":""tcl/target/stm32wlx.cfg"",""bank"":""$_CHIPNAME.flash.cpu0"",""driver"":""stm32l4x"",""base"":""0x08000000""},{""declaration_file"":""tcl/target/stm32wlx.cfg"",""bank"":""$_CHIPNAME.otp.cpu0"",""driver"":""stm32l4x"",""base"":""0x1fff7000""},{""declaration_file"":""tcl/target/stm32wlx.cfg"",""bank"":""$_CHIPNAME.flash.cpu1"",""driver"":""stm32l4x"",""base"":""0x08000000""},{""declaration_file"":""tcl/target/stm32wlx.cfg"",""bank"":""$_CHIPNAME.otp.cpu1"",""driver"":""stm32l4x"",""base"":""0x1fff7000""}]","[""tcl/target/stm32wlx.cfg"",""tcl/target/swj-dp.tcl"",""tcl/mem_helper.tcl""]",upstream-openocd,56b8d93fbe61a78dc903d770820d6d896b6d8134,not_verified
STMicroelectronics,STM32X5,tcl/target/stm32x5x_common.cfg,MCU,Internal/helper,helper_or_alias,Common/base or bank-layout configuration; collapse into a customer target,"[""stm32l4x""]","[{""declaration_file"":""tcl/target/stm32x5x_common.cfg"",""bank"":""$_CHIPNAME.flash_ns"",""driver"":""stm32l4x"",""base"":""0x08000000""},{""declaration_file"":""tcl/target/stm32x5x_common.cfg"",""bank"":""$_CHIPNAME.flash_alias_s"",""driver"":""stm32l4x"",""base"":""0x0C000000""},{""declaration_file"":""tcl/target/stm32x5x_common.cfg"",""bank"":""$_CHIPNAME.otp"",""driver"":""stm32l4x"",""base"":""0x0BFA0000""}]","[""tcl/target/stm32x5x_common.cfg""]",upstream-openocd,56b8d93fbe61a78dc903d770820d6d896b6d8134,not_verified
STMicroelectronics,STM32XL,tcl/target/stm32xl.cfg,MCU,Auto-classified,flash_driver_declared,Concrete OpenOCD Flash driver resolved statically,"[""stm32f1x""]","[{""declaration_file"":""tcl/target/stm32xl.cfg"",""bank"":""$_FLASHNAME"",""driver"":""stm32f1x"",""base"":""0x08080000""},{""declaration_file"":""tcl/target/stm32f1x.cfg"",""bank"":""$_FLASHNAME"",""driver"":""stm32f1x"",""base"":""0x08000000""}]","[""tcl/target/stm32xl.cfg"",""tcl/target/stm32f1x.cfg"",""tcl/target/swj-dp.tcl"",""tcl/mem_helper.tcl""]",upstream-openocd,56b8d93fbe61a78dc903d770820d6d896b6d8134,not_verified
STMicroelectronics,STR710,tcl/target/str710.cfg,MCU,Auto-classified,flash_driver_declared,Concrete OpenOCD Flash driver resolved statically,"[""str7x""]","[{""declaration_file"":""tcl/target/str710.cfg"",""bank"":""$_FLASHNAME"",""driver"":""str7x"",""base"":""0x40000000""},{""declaration_file"":""tcl/target/str710.cfg"",""bank"":""$_FLASHNAME"",""driver"":""str7x"",""base"":""0x400C0000""}]","[""tcl/target/str710.cfg""]",upstream-openocd,56b8d93fbe61a78dc903d770820d6d896b6d8134,not_verified
STMicroelectronics,STR730,tcl/target/str730.cfg,MCU,Auto-classified,flash_driver_declared,Concrete OpenOCD Flash driver resolved statically,"[""str7x""]","[{""declaration_file"":""tcl/target/str730.cfg"",""bank"":""$_FLASHNAME"",""driver"":""str7x"",""base"":""0x80000000""}]","[""tcl/target/str730.cfg""]",upstream-openocd,56b8d93fbe61a78dc903d770820d6d896b6d8134,not_verified
STMicroelectronics,STR750,tcl/target/str750.cfg,MCU,Auto-classified,flash_driver_declared,Concrete OpenOCD Flash driver resolved statically,"[""stmsmi"",""str7x""]","[{""declaration_file"":""tcl/target/str750.cfg"",""bank"":""$_FLASHNAME"",""driver"":""str7x"",""base"":""0x20000000""},{""declaration_file"":""tcl/target/str750.cfg"",""bank"":""$_FLASHNAME"",""driver"":""str7x"",""base"":""0x200C0000""},{""declaration_file"":""tcl/target/str750.cfg"",""bank"":""$_FLASHNAME"",""driver"":""stmsmi"",""base"":""0x80000000""}]","[""tcl/target/str750.cfg"",""tcl/mem_helper.tcl""]",upstream-openocd,56b8d93fbe61a78dc903d770820d6d896b6d8134,not_verified
STMicroelectronics,STR912,tcl/target/str912.cfg,MCU,Auto-classified,flash_driver_declared,Concrete OpenOCD Flash driver resolved statically,"[""str9x""]","[{""declaration_file"":""tcl/target/str912.cfg"",""bank"":""$_FLASHNAME"",""driver"":""str9x"",""base"":""0x00000000""},{""declaration_file"":""tcl/target/str912.cfg"",""bank"":""$_FLASHNAME"",""driver"":""str9x"",""base"":""0x00080000""}]","[""tcl/target/str912.cfg""]",upstream-openocd,56b8d93fbe61a78dc903d770820d6d896b6d8134,not_verified
Silicon Labs,EM357,tcl/target/em357.cfg,MCU,Auto-classified,flash_driver_declared,Concrete OpenOCD Flash driver resolved statically,"[""em357""]","[{""declaration_file"":""tcl/target/em357.cfg"",""bank"":""$_FLASHNAME"",""driver"":""em357"",""base"":""0x08000000""}]","[""tcl/target/em357.cfg"",""tcl/target/swj-dp.tcl""]",upstream-openocd,56b8d93fbe61a78dc903d770820d6d896b6d8134,not_verified
Silicon Labs,EM358,tcl/target/em358.cfg,MCU,Auto-classified,flash_driver_declared,Concrete OpenOCD Flash driver resolved statically,"[""em357""]","[{""declaration_file"":""tcl/target/em357.cfg"",""bank"":""$_FLASHNAME"",""driver"":""em357"",""base"":""0x08000000""}]","[""tcl/target/em358.cfg"",""tcl/target/em357.cfg"",""tcl/target/swj-dp.tcl""]",upstream-openocd,56b8d93fbe61a78dc903d770820d6d896b6d8134,not_verified
Silicon Labs,SERIES0,tcl/target/silabs/series0.cfg,MCU,Auto-classified,flash_driver_declared,Concrete OpenOCD Flash driver resolved statically,"[""efm32""]","[{""declaration_file"":""tcl/target/silabs/series0.cfg"",""bank"":""$_FLASHNAME"",""driver"":""efm32"",""base"":""0""},{""declaration_file"":""tcl/target/silabs/series0.cfg"",""bank"":""userdata.flash"",""driver"":""efm32"",""base"":""0x0FE00000""},{""declaration_file"":""tcl/target/silabs/series0.cfg"",""bank"":""lockbits.flash"",""driver"":""efm32"",""base"":""0x0FE04000""}]","[""tcl/target/silabs/series0.cfg"",""tcl/target/swj-dp.tcl""]",upstream-openocd,56b8d93fbe61a78dc903d770820d6d896b6d8134,not_verified
Silicon Labs,SERIES2,tcl/target/silabs/series2.cfg,MCU,Auto-classified,flash_driver_declared,Concrete OpenOCD Flash driver resolved statically,"[""efm32""]","[{""declaration_file"":""tcl/target/silabs/series2.cfg"",""bank"":""$_FLASHNAME"",""driver"":""efm32"",""base"":""$_FLASHBASE""},{""declaration_file"":""tcl/target/silabs/series2.cfg"",""bank"":""userdata.flash"",""driver"":""efm32"",""base"":""0x0FE00000""}]","[""tcl/target/silabs/series2.cfg"",""tcl/target/swj-dp.tcl""]",upstream-openocd,56b8d93fbe61a78dc903d770820d6d896b6d8134,not_verified
Silicon Labs,SIM3X,tcl/target/sim3x.cfg,MCU,Auto-classified,flash_driver_declared,Concrete OpenOCD Flash driver resolved statically,"[""sim3x""]","[{""declaration_file"":""tcl/target/sim3x.cfg"",""bank"":""$_FLASHNAME"",""driver"":""sim3x"",""base"":""0""}]","[""tcl/target/sim3x.cfg"",""tcl/target/swj-dp.tcl""]",upstream-openocd,56b8d93fbe61a78dc903d770820d6d896b6d8134,not_verified
Texas Instruments,CC13,tcl/target/ti/cc13x0.cfg,MCU,Auto-classified,flash_driver_declared,Concrete OpenOCD Flash driver resolved statically,"[""cc26xx""]","[{""declaration_file"":""tcl/target/ti/cc26x0.cfg"",""bank"":""$_FLASHNAME"",""driver"":""cc26xx"",""base"":""0""}]","[""tcl/target/ti/cc13x0.cfg"",""tcl/target/ti/cc26x0.cfg"",""tcl/target/ti/icepick.cfg"",""tcl/target/ti/cjtag.cfg""]",upstream-openocd,56b8d93fbe61a78dc903d770820d6d896b6d8134,not_verified
Texas Instruments,CC13,tcl/target/ti/cc13x2.cfg,MCU,Auto-classified,flash_driver_declared,Concrete OpenOCD Flash driver resolved statically,"[""cc26xx""]","[{""declaration_file"":""tcl/target/ti/cc26x0.cfg"",""bank"":""$_FLASHNAME"",""driver"":""cc26xx"",""base"":""0""}]","[""tcl/target/ti/cc13x2.cfg"",""tcl/target/ti/cc26x0.cfg"",""tcl/target/ti/icepick.cfg"",""tcl/target/ti/cjtag.cfg""]",upstream-openocd,56b8d93fbe61a78dc903d770820d6d896b6d8134,not_verified
Texas Instruments,CC26,tcl/target/ti/cc26x0.cfg,MCU,Auto-classified,flash_driver_declared,Concrete OpenOCD Flash driver resolved statically,"[""cc26xx""]","[{""declaration_file"":""tcl/target/ti/cc26x0.cfg"",""bank"":""$_FLASHNAME"",""driver"":""cc26xx"",""base"":""0""}]","[""tcl/target/ti/cc26x0.cfg"",""tcl/target/ti/icepick.cfg"",""tcl/target/ti/cjtag.cfg""]",upstream-openocd,56b8d93fbe61a78dc903d770820d6d896b6d8134,not_verified
Texas Instruments,CC26,tcl/target/ti/cc26x2.cfg,MCU,Auto-classified,flash_driver_declared,Concrete OpenOCD Flash driver resolved statically,"[""cc26xx""]","[{""declaration_file"":""tcl/target/ti/cc26x0.cfg"",""bank"":""$_FLASHNAME"",""driver"":""cc26xx"",""base"":""0""}]","[""tcl/target/ti/cc26x2.cfg"",""tcl/target/ti/cc26x0.cfg"",""tcl/target/ti/icepick.cfg"",""tcl/target/ti/cjtag.cfg""]",upstream-openocd,56b8d93fbe61a78dc903d770820d6d896b6d8134,not_verified
Texas Instruments,CC26,tcl/target/ti/cc26x2x7.cfg,MCU,Auto-classified,flash_driver_declared,Concrete OpenOCD Flash driver resolved statically,"[""cc26xx""]","[{""declaration_file"":""tcl/target/ti/cc26x0.cfg"",""bank"":""$_FLASHNAME"",""driver"":""cc26xx"",""base"":""0""}]","[""tcl/target/ti/cc26x2x7.cfg"",""tcl/target/ti/cc26x0.cfg"",""tcl/target/ti/icepick.cfg"",""tcl/target/ti/cjtag.cfg""]",upstream-openocd,56b8d93fbe61a78dc903d770820d6d896b6d8134,not_verified
Texas Instruments,CC3220,tcl/target/ti/cc3220sf.cfg,MCU,Auto-classified,flash_driver_declared,Concrete OpenOCD Flash driver resolved statically,"[""cc3220sf""]","[{""declaration_file"":""tcl/target/ti/cc3220sf.cfg"",""bank"":""$_FLASHNAME"",""driver"":""cc3220sf"",""base"":""0""}]","[""tcl/target/ti/cc3220sf.cfg"",""tcl/target/swj-dp.tcl"",""tcl/target/ti/icepick.cfg"",""tcl/target/ti/cc32xx.cfg""]",upstream-openocd,56b8d93fbe61a78dc903d770820d6d896b6d8134,not_verified
Texas Instruments,STELLARIS,tcl/target/ti/stellaris.cfg,MCU,Auto-classified,flash_driver_declared,Concrete OpenOCD Flash driver resolved statically,"[""stellaris""]","[{""declaration_file"":""tcl/target/ti/stellaris.cfg"",""bank"":""$_CHIPNAME.flash"",""driver"":""stellaris"",""base"":""0""}]","[""tcl/target/ti/stellaris.cfg"",""tcl/target/swj-dp.tcl"",""tcl/mem_helper.tcl"",""tcl/chip/ti/lm3s/lm3s.tcl"",""tcl/chip/ti/lm3s/lm3s_regs.tcl""]",upstream-openocd,56b8d93fbe61a78dc903d770820d6d896b6d8134,not_verified
XMOS,XMOS XS1-XAU8A-10,tcl/target/xmos_xs1-xau8a-10_arm.cfg,MCU,Auto-classified,flash_driver_declared,Concrete OpenOCD Flash driver resolved statically,"[""efm32""]","[{""declaration_file"":""tcl/target/silabs/series0.cfg"",""bank"":""$_FLASHNAME"",""driver"":""efm32"",""base"":""0""},{""declaration_file"":""tcl/target/silabs/series0.cfg"",""bank"":""userdata.flash"",""driver"":""efm32"",""base"":""0x0FE00000""},{""declaration_file"":""tcl/target/silabs/series0.cfg"",""bank"":""lockbits.flash"",""driver"":""efm32"",""base"":""0x0FE04000""}]","[""tcl/target/xmos_xs1-xau8a-10_arm.cfg"",""tcl/target/efm32.cfg"",""tcl/target/silabs/series0.cfg"",""tcl/target/swj-dp.tcl""]",upstream-openocd,56b8d93fbe61a78dc903d770820d6d896b6d8134,not_verified
