icpn,family,existing_identifier,existing_identifier_kind,mapping_status,openocd_target_config,route_source,production_runtime_commit
STM32F328C8T6,STM32F3,STM32F328C8Tx,ordering_pattern,deterministic_ordering_pattern,tcl/target/stm32f3x.cfg,openocd-parts-canonical-v627.csv,9ea7f3d647c8ecf6b0f1424002dfc3f4504a162c
STM32F358CCT6,STM32F3,STM32F358CCTx,ordering_pattern,deterministic_ordering_pattern,tcl/target/stm32f3x.cfg,openocd-parts-canonical-v627.csv,9ea7f3d647c8ecf6b0f1424002dfc3f4504a162c
STM32F358RCT6,STM32F3,STM32F358RCTx,ordering_pattern,deterministic_ordering_pattern,tcl/target/stm32f3x.cfg,openocd-parts-canonical-v627.csv,9ea7f3d647c8ecf6b0f1424002dfc3f4504a162c
STM32F358VCT6,STM32F3,STM32F358VCTx,ordering_pattern,deterministic_ordering_pattern,tcl/target/stm32f3x.cfg,openocd-parts-canonical-v627.csv,9ea7f3d647c8ecf6b0f1424002dfc3f4504a162c
STM32F378CCT6,STM32F3,STM32F378CCTx,ordering_pattern,deterministic_ordering_pattern,tcl/target/stm32f3x.cfg,openocd-parts-canonical-v627.csv,9ea7f3d647c8ecf6b0f1424002dfc3f4504a162c
STM32F378RCT6,STM32F3,STM32F378RCTx,ordering_pattern,deterministic_ordering_pattern,tcl/target/stm32f3x.cfg,openocd-parts-canonical-v627.csv,9ea7f3d647c8ecf6b0f1424002dfc3f4504a162c
STM32F378RCY6TR,STM32F3,STM32F378RCYx,ordering_pattern,deterministic_ordering_pattern,tcl/target/stm32f3x.cfg,openocd-parts-canonical-v627.csv,9ea7f3d647c8ecf6b0f1424002dfc3f4504a162c
STM32F378VCH6,STM32F3,STM32F378VCHx,ordering_pattern,deterministic_ordering_pattern,tcl/target/stm32f3x.cfg,openocd-final-route-delta-v6.31.csv,9ea7f3d647c8ecf6b0f1424002dfc3f4504a162c
STM32F378VCT6,STM32F3,STM32F378VCTx,ordering_pattern,deterministic_ordering_pattern,tcl/target/stm32f3x.cfg,openocd-parts-canonical-v627.csv,9ea7f3d647c8ecf6b0f1424002dfc3f4504a162c
STM32F398VET6,STM32F3,STM32F398VETx,ordering_pattern,deterministic_ordering_pattern,tcl/target/stm32f3x.cfg,openocd-parts-canonical-v627.csv,9ea7f3d647c8ecf6b0f1424002dfc3f4504a162c
STM32F746IEK6,STM32F7,STM32F746IEKx,ordering_pattern,deterministic_ordering_pattern,tcl/target/stm32f7x.cfg,openocd-parts-canonical-v627.csv,9ea7f3d647c8ecf6b0f1424002dfc3f4504a162c
STM32F746IET6,STM32F7,STM32F746IETx,ordering_pattern,deterministic_ordering_pattern,tcl/target/stm32f7x.cfg,openocd-parts-canonical-v627.csv,9ea7f3d647c8ecf6b0f1424002dfc3f4504a162c
STM32F746IGK6,STM32F7,STM32F746IGKx,ordering_pattern,deterministic_ordering_pattern,tcl/target/stm32f7x.cfg,openocd-parts-canonical-v627.csv,9ea7f3d647c8ecf6b0f1424002dfc3f4504a162c
STM32F746IGK7,STM32F7,STM32F746IGKx,ordering_pattern,deterministic_ordering_pattern,tcl/target/stm32f7x.cfg,openocd-parts-canonical-v627.csv,9ea7f3d647c8ecf6b0f1424002dfc3f4504a162c
STM32F746IGT6,STM32F7,STM32F746IGTx,ordering_pattern,deterministic_ordering_pattern,tcl/target/stm32f7x.cfg,openocd-parts-canonical-v627.csv,9ea7f3d647c8ecf6b0f1424002dfc3f4504a162c
STM32F746IGT7,STM32F7,STM32F746IGTx,ordering_pattern,deterministic_ordering_pattern,tcl/target/stm32f7x.cfg,openocd-parts-canonical-v627.csv,9ea7f3d647c8ecf6b0f1424002dfc3f4504a162c
STM32F746NEH6,STM32F7,STM32F746NEHx,ordering_pattern,deterministic_ordering_pattern,tcl/target/stm32f7x.cfg,openocd-parts-canonical-v627.csv,9ea7f3d647c8ecf6b0f1424002dfc3f4504a162c
STM32F746NGH6,STM32F7,STM32F746NGHx,ordering_pattern,deterministic_ordering_pattern,tcl/target/stm32f7x.cfg,openocd-parts-canonical-v627.csv,9ea7f3d647c8ecf6b0f1424002dfc3f4504a162c
STM32F746NGH6TR,STM32F7,STM32F746NGHx,ordering_pattern,deterministic_ordering_pattern,tcl/target/stm32f7x.cfg,openocd-parts-canonical-v627.csv,9ea7f3d647c8ecf6b0f1424002dfc3f4504a162c
STM32F746NGH7,STM32F7,STM32F746NGHx,ordering_pattern,deterministic_ordering_pattern,tcl/target/stm32f7x.cfg,openocd-parts-canonical-v627.csv,9ea7f3d647c8ecf6b0f1424002dfc3f4504a162c
STM32F746VEH6,STM32F7,STM32F746VEHx,ordering_pattern,deterministic_ordering_pattern,tcl/target/stm32f7x.cfg,openocd-parts-canonical-v627.csv,9ea7f3d647c8ecf6b0f1424002dfc3f4504a162c
STM32F746VET6,STM32F7,STM32F746VETx,ordering_pattern,deterministic_ordering_pattern,tcl/target/stm32f7x.cfg,openocd-parts-canonical-v627.csv,9ea7f3d647c8ecf6b0f1424002dfc3f4504a162c
STM32F746VET6TR,STM32F7,STM32F746VETx,ordering_pattern,deterministic_ordering_pattern,tcl/target/stm32f7x.cfg,openocd-parts-canonical-v627.csv,9ea7f3d647c8ecf6b0f1424002dfc3f4504a162c
STM32F746VGH6,STM32F7,STM32F746VGHx,ordering_pattern,deterministic_ordering_pattern,tcl/target/stm32f7x.cfg,openocd-parts-canonical-v627.csv,9ea7f3d647c8ecf6b0f1424002dfc3f4504a162c
STM32F746VGT6,STM32F7,STM32F746VGTx,ordering_pattern,deterministic_ordering_pattern,tcl/target/stm32f7x.cfg,openocd-parts-canonical-v627.csv,9ea7f3d647c8ecf6b0f1424002dfc3f4504a162c
STM32F746VGT7,STM32F7,STM32F746VGTx,ordering_pattern,deterministic_ordering_pattern,tcl/target/stm32f7x.cfg,openocd-parts-canonical-v627.csv,9ea7f3d647c8ecf6b0f1424002dfc3f4504a162c
STM32F746ZET6,STM32F7,STM32F746ZETx,ordering_pattern,deterministic_ordering_pattern,tcl/target/stm32f7x.cfg,openocd-parts-canonical-v627.csv,9ea7f3d647c8ecf6b0f1424002dfc3f4504a162c
STM32F746ZET6TR,STM32F7,STM32F746ZETx,ordering_pattern,deterministic_ordering_pattern,tcl/target/stm32f7x.cfg,openocd-parts-canonical-v627.csv,9ea7f3d647c8ecf6b0f1424002dfc3f4504a162c
STM32F746ZEY6TR,STM32F7,STM32F746ZEYx,ordering_pattern,deterministic_ordering_pattern,tcl/target/stm32f7x.cfg,openocd-parts-canonical-v627.csv,9ea7f3d647c8ecf6b0f1424002dfc3f4504a162c
STM32F746ZGT6,STM32F7,STM32F746ZGTx,ordering_pattern,deterministic_ordering_pattern,tcl/target/stm32f7x.cfg,openocd-parts-canonical-v627.csv,9ea7f3d647c8ecf6b0f1424002dfc3f4504a162c
STM32F746ZGT7,STM32F7,STM32F746ZGTx,ordering_pattern,deterministic_ordering_pattern,tcl/target/stm32f7x.cfg,openocd-parts-canonical-v627.csv,9ea7f3d647c8ecf6b0f1424002dfc3f4504a162c
STM32F746ZGY6TR,STM32F7,STM32F746ZGYx,ordering_pattern,deterministic_ordering_pattern,tcl/target/stm32f7x.cfg,openocd-parts-canonical-v627.csv,9ea7f3d647c8ecf6b0f1424002dfc3f4504a162c
STM32F756IGK6,STM32F7,STM32F756IGKx,ordering_pattern,deterministic_ordering_pattern,tcl/target/stm32f7x.cfg,openocd-parts-canonical-v627.csv,9ea7f3d647c8ecf6b0f1424002dfc3f4504a162c
STM32F756IGT6,STM32F7,STM32F756IGTx,ordering_pattern,deterministic_ordering_pattern,tcl/target/stm32f7x.cfg,openocd-parts-canonical-v627.csv,9ea7f3d647c8ecf6b0f1424002dfc3f4504a162c
STM32F756NGH6,STM32F7,STM32F756NGHx,ordering_pattern,deterministic_ordering_pattern,tcl/target/stm32f7x.cfg,openocd-parts-canonical-v627.csv,9ea7f3d647c8ecf6b0f1424002dfc3f4504a162c
STM32F756VGH6,STM32F7,STM32F756VGHx,ordering_pattern,deterministic_ordering_pattern,tcl/target/stm32f7x.cfg,openocd-parts-canonical-v627.csv,9ea7f3d647c8ecf6b0f1424002dfc3f4504a162c
STM32F756VGT6,STM32F7,STM32F756VGTx,ordering_pattern,deterministic_ordering_pattern,tcl/target/stm32f7x.cfg,openocd-parts-canonical-v627.csv,9ea7f3d647c8ecf6b0f1424002dfc3f4504a162c
STM32F756VGT7,STM32F7,STM32F756VGTx,ordering_pattern,deterministic_ordering_pattern,tcl/target/stm32f7x.cfg,openocd-parts-canonical-v627.csv,9ea7f3d647c8ecf6b0f1424002dfc3f4504a162c
STM32F756ZGT6,STM32F7,STM32F756ZGTx,ordering_pattern,deterministic_ordering_pattern,tcl/target/stm32f7x.cfg,openocd-parts-canonical-v627.csv,9ea7f3d647c8ecf6b0f1424002dfc3f4504a162c
STM32F756ZGY6TR,STM32F7,STM32F756ZGYx,ordering_pattern,deterministic_ordering_pattern,tcl/target/stm32f7x.cfg,openocd-parts-canonical-v627.csv,9ea7f3d647c8ecf6b0f1424002dfc3f4504a162c
STM32F765IGK6,STM32F7,STM32F765IGKx,ordering_pattern,deterministic_ordering_pattern,tcl/target/stm32f7x.cfg,openocd-parts-canonical-v627.csv,9ea7f3d647c8ecf6b0f1424002dfc3f4504a162c
STM32F765IGK6TR,STM32F7,STM32F765IGKx,ordering_pattern,deterministic_ordering_pattern,tcl/target/stm32f7x.cfg,openocd-parts-canonical-v627.csv,9ea7f3d647c8ecf6b0f1424002dfc3f4504a162c
STM32F765IGT6,STM32F7,STM32F765IGTx,ordering_pattern,deterministic_ordering_pattern,tcl/target/stm32f7x.cfg,openocd-parts-canonical-v627.csv,9ea7f3d647c8ecf6b0f1424002dfc3f4504a162c
STM32F765IIK6,STM32F7,STM32F765IIKx,ordering_pattern,deterministic_ordering_pattern,tcl/target/stm32f7x.cfg,openocd-parts-canonical-v627.csv,9ea7f3d647c8ecf6b0f1424002dfc3f4504a162c
STM32F765IIK7,STM32F7,STM32F765IIKx,ordering_pattern,deterministic_ordering_pattern,tcl/target/stm32f7x.cfg,openocd-parts-canonical-v627.csv,9ea7f3d647c8ecf6b0f1424002dfc3f4504a162c
STM32F765IIT6,STM32F7,STM32F765IITx,ordering_pattern,deterministic_ordering_pattern,tcl/target/stm32f7x.cfg,openocd-parts-canonical-v627.csv,9ea7f3d647c8ecf6b0f1424002dfc3f4504a162c
STM32F765IIT7,STM32F7,STM32F765IITx,ordering_pattern,deterministic_ordering_pattern,tcl/target/stm32f7x.cfg,openocd-parts-canonical-v627.csv,9ea7f3d647c8ecf6b0f1424002dfc3f4504a162c
STM32F765NGH6,STM32F7,STM32F765NGHx,ordering_pattern,deterministic_ordering_pattern,tcl/target/stm32f7x.cfg,openocd-parts-canonical-v627.csv,9ea7f3d647c8ecf6b0f1424002dfc3f4504a162c
STM32F765NGH7,STM32F7,STM32F765NGHx,ordering_pattern,deterministic_ordering_pattern,tcl/target/stm32f7x.cfg,openocd-parts-canonical-v627.csv,9ea7f3d647c8ecf6b0f1424002dfc3f4504a162c
STM32F765NGH7TR,STM32F7,STM32F765NGHx,ordering_pattern,deterministic_ordering_pattern,tcl/target/stm32f7x.cfg,openocd-parts-canonical-v627.csv,9ea7f3d647c8ecf6b0f1424002dfc3f4504a162c
STM32F765NIH6,STM32F7,STM32F765NIHx,ordering_pattern,deterministic_ordering_pattern,tcl/target/stm32f7x.cfg,openocd-parts-canonical-v627.csv,9ea7f3d647c8ecf6b0f1424002dfc3f4504a162c
STM32F765NIH6TR,STM32F7,STM32F765NIHx,ordering_pattern,deterministic_ordering_pattern,tcl/target/stm32f7x.cfg,openocd-parts-canonical-v627.csv,9ea7f3d647c8ecf6b0f1424002dfc3f4504a162c
STM32F765NIH7,STM32F7,STM32F765NIHx,ordering_pattern,deterministic_ordering_pattern,tcl/target/stm32f7x.cfg,openocd-parts-canonical-v627.csv,9ea7f3d647c8ecf6b0f1424002dfc3f4504a162c
STM32F765VGH6,STM32F7,STM32F765VGHx,ordering_pattern,deterministic_ordering_pattern,tcl/target/stm32f7x.cfg,openocd-parts-canonical-v627.csv,9ea7f3d647c8ecf6b0f1424002dfc3f4504a162c
STM32F765VGH6TR,STM32F7,STM32F765VGHx,ordering_pattern,deterministic_ordering_pattern,tcl/target/stm32f7x.cfg,openocd-parts-canonical-v627.csv,9ea7f3d647c8ecf6b0f1424002dfc3f4504a162c
STM32F765VGT6,STM32F7,STM32F765VGTx,ordering_pattern,deterministic_ordering_pattern,tcl/target/stm32f7x.cfg,openocd-parts-canonical-v627.csv,9ea7f3d647c8ecf6b0f1424002dfc3f4504a162c
STM32F765VGT6TR,STM32F7,STM32F765VGTx,ordering_pattern,deterministic_ordering_pattern,tcl/target/stm32f7x.cfg,openocd-parts-canonical-v627.csv,9ea7f3d647c8ecf6b0f1424002dfc3f4504a162c
STM32F765VGT7,STM32F7,STM32F765VGTx,ordering_pattern,deterministic_ordering_pattern,tcl/target/stm32f7x.cfg,openocd-parts-canonical-v627.csv,9ea7f3d647c8ecf6b0f1424002dfc3f4504a162c
STM32F765VIH6,STM32F7,STM32F765VIHx,ordering_pattern,deterministic_ordering_pattern,tcl/target/stm32f7x.cfg,openocd-parts-canonical-v627.csv,9ea7f3d647c8ecf6b0f1424002dfc3f4504a162c
STM32F765VIT6,STM32F7,STM32F765VITx,ordering_pattern,deterministic_ordering_pattern,tcl/target/stm32f7x.cfg,openocd-parts-canonical-v627.csv,9ea7f3d647c8ecf6b0f1424002dfc3f4504a162c
STM32F765VIT7,STM32F7,STM32F765VITx,ordering_pattern,deterministic_ordering_pattern,tcl/target/stm32f7x.cfg,openocd-parts-canonical-v627.csv,9ea7f3d647c8ecf6b0f1424002dfc3f4504a162c
STM32F765ZGT6,STM32F7,STM32F765ZGTx,ordering_pattern,deterministic_ordering_pattern,tcl/target/stm32f7x.cfg,openocd-parts-canonical-v627.csv,9ea7f3d647c8ecf6b0f1424002dfc3f4504a162c
STM32F765ZGT6TR,STM32F7,STM32F765ZGTx,ordering_pattern,deterministic_ordering_pattern,tcl/target/stm32f7x.cfg,openocd-parts-canonical-v627.csv,9ea7f3d647c8ecf6b0f1424002dfc3f4504a162c
STM32F765ZGT7,STM32F7,STM32F765ZGTx,ordering_pattern,deterministic_ordering_pattern,tcl/target/stm32f7x.cfg,openocd-parts-canonical-v627.csv,9ea7f3d647c8ecf6b0f1424002dfc3f4504a162c
STM32F765ZIT6,STM32F7,STM32F765ZITx,ordering_pattern,deterministic_ordering_pattern,tcl/target/stm32f7x.cfg,openocd-parts-canonical-v627.csv,9ea7f3d647c8ecf6b0f1424002dfc3f4504a162c
STM32F765ZIT7,STM32F7,STM32F765ZITx,ordering_pattern,deterministic_ordering_pattern,tcl/target/stm32f7x.cfg,openocd-parts-canonical-v627.csv,9ea7f3d647c8ecf6b0f1424002dfc3f4504a162c
STM32F765ZIT7TR,STM32F7,STM32F765ZITx,ordering_pattern,deterministic_ordering_pattern,tcl/target/stm32f7x.cfg,openocd-parts-canonical-v627.csv,9ea7f3d647c8ecf6b0f1424002dfc3f4504a162c
STM32F767IGK6,STM32F7,STM32F767IGKx,ordering_pattern,deterministic_ordering_pattern,tcl/target/stm32f7x.cfg,openocd-parts-canonical-v627.csv,9ea7f3d647c8ecf6b0f1424002dfc3f4504a162c
STM32F767IGT6,STM32F7,STM32F767IGTx,ordering_pattern,deterministic_ordering_pattern,tcl/target/stm32f7x.cfg,openocd-parts-canonical-v627.csv,9ea7f3d647c8ecf6b0f1424002dfc3f4504a162c
STM32F767IIK6,STM32F7,STM32F767IIKx,ordering_pattern,deterministic_ordering_pattern,tcl/target/stm32f7x.cfg,openocd-parts-canonical-v627.csv,9ea7f3d647c8ecf6b0f1424002dfc3f4504a162c
STM32F767IIT6,STM32F7,STM32F767IITx,ordering_pattern,deterministic_ordering_pattern,tcl/target/stm32f7x.cfg,openocd-parts-canonical-v627.csv,9ea7f3d647c8ecf6b0f1424002dfc3f4504a162c
STM32F767IIT6TR,STM32F7,STM32F767IITx,ordering_pattern,deterministic_ordering_pattern,tcl/target/stm32f7x.cfg,openocd-parts-canonical-v627.csv,9ea7f3d647c8ecf6b0f1424002dfc3f4504a162c
STM32F767NGH6,STM32F7,STM32F767NGHx,ordering_pattern,deterministic_ordering_pattern,tcl/target/stm32f7x.cfg,openocd-parts-canonical-v627.csv,9ea7f3d647c8ecf6b0f1424002dfc3f4504a162c
STM32F767NIH6,STM32F7,STM32F767NIHx,ordering_pattern,deterministic_ordering_pattern,tcl/target/stm32f7x.cfg,openocd-parts-canonical-v627.csv,9ea7f3d647c8ecf6b0f1424002dfc3f4504a162c
STM32F767NIH6TR,STM32F7,STM32F767NIHx,ordering_pattern,deterministic_ordering_pattern,tcl/target/stm32f7x.cfg,openocd-parts-canonical-v627.csv,9ea7f3d647c8ecf6b0f1424002dfc3f4504a162c
STM32F767NIH7,STM32F7,STM32F767NIHx,ordering_pattern,deterministic_ordering_pattern,tcl/target/stm32f7x.cfg,openocd-parts-canonical-v627.csv,9ea7f3d647c8ecf6b0f1424002dfc3f4504a162c
STM32F767VGH6,STM32F7,STM32F767VGHx,ordering_pattern,deterministic_ordering_pattern,tcl/target/stm32f7x.cfg,openocd-parts-canonical-v627.csv,9ea7f3d647c8ecf6b0f1424002dfc3f4504a162c
STM32F767VGT6,STM32F7,STM32F767VGTx,ordering_pattern,deterministic_ordering_pattern,tcl/target/stm32f7x.cfg,openocd-parts-canonical-v627.csv,9ea7f3d647c8ecf6b0f1424002dfc3f4504a162c
STM32F767VGT6TR,STM32F7,STM32F767VGTx,ordering_pattern,deterministic_ordering_pattern,tcl/target/stm32f7x.cfg,openocd-parts-canonical-v627.csv,9ea7f3d647c8ecf6b0f1424002dfc3f4504a162c
STM32F767VGT7,STM32F7,STM32F767VGTx,ordering_pattern,deterministic_ordering_pattern,tcl/target/stm32f7x.cfg,openocd-parts-canonical-v627.csv,9ea7f3d647c8ecf6b0f1424002dfc3f4504a162c
STM32F767VIH6,STM32F7,STM32F767VIHx,ordering_pattern,deterministic_ordering_pattern,tcl/target/stm32f7x.cfg,openocd-parts-canonical-v627.csv,9ea7f3d647c8ecf6b0f1424002dfc3f4504a162c
STM32F767VIT6,STM32F7,STM32F767VITx,ordering_pattern,deterministic_ordering_pattern,tcl/target/stm32f7x.cfg,openocd-parts-canonical-v627.csv,9ea7f3d647c8ecf6b0f1424002dfc3f4504a162c
STM32F767VIT6TR,STM32F7,STM32F767VITx,ordering_pattern,deterministic_ordering_pattern,tcl/target/stm32f7x.cfg,openocd-parts-canonical-v627.csv,9ea7f3d647c8ecf6b0f1424002dfc3f4504a162c
STM32F767VIT7,STM32F7,STM32F767VITx,ordering_pattern,deterministic_ordering_pattern,tcl/target/stm32f7x.cfg,openocd-parts-canonical-v627.csv,9ea7f3d647c8ecf6b0f1424002dfc3f4504a162c
STM32F767ZGT6,STM32F7,STM32F767ZGTx,ordering_pattern,deterministic_ordering_pattern,tcl/target/stm32f7x.cfg,openocd-parts-canonical-v627.csv,9ea7f3d647c8ecf6b0f1424002dfc3f4504a162c
STM32F767ZIT6,STM32F7,STM32F767ZITx,ordering_pattern,deterministic_ordering_pattern,tcl/target/stm32f7x.cfg,openocd-parts-canonical-v627.csv,9ea7f3d647c8ecf6b0f1424002dfc3f4504a162c
STM32F769AIY6TR,STM32F7,STM32F769AIYx,ordering_pattern,deterministic_ordering_pattern,tcl/target/stm32f7x.cfg,openocd-parts-canonical-v627.csv,9ea7f3d647c8ecf6b0f1424002dfc3f4504a162c
STM32F769IGT6,STM32F7,STM32F769IGTx,ordering_pattern,deterministic_ordering_pattern,tcl/target/stm32f7x.cfg,openocd-parts-canonical-v627.csv,9ea7f3d647c8ecf6b0f1424002dfc3f4504a162c
STM32F769IIT6,STM32F7,STM32F769IITx,ordering_pattern,deterministic_ordering_pattern,tcl/target/stm32f7x.cfg,openocd-parts-canonical-v627.csv,9ea7f3d647c8ecf6b0f1424002dfc3f4504a162c
STM32F769NGH6,STM32F7,STM32F769NGHx,ordering_pattern,deterministic_ordering_pattern,tcl/target/stm32f7x.cfg,openocd-parts-canonical-v627.csv,9ea7f3d647c8ecf6b0f1424002dfc3f4504a162c
STM32F769NIH6,STM32F7,STM32F769NIHx,ordering_pattern,deterministic_ordering_pattern,tcl/target/stm32f7x.cfg,openocd-parts-canonical-v627.csv,9ea7f3d647c8ecf6b0f1424002dfc3f4504a162c
STM32F777IIK6,STM32F7,STM32F777IIKx,ordering_pattern,deterministic_ordering_pattern,tcl/target/stm32f7x.cfg,openocd-parts-canonical-v627.csv,9ea7f3d647c8ecf6b0f1424002dfc3f4504a162c
STM32F777IIK7,STM32F7,STM32F777IIKx,ordering_pattern,deterministic_ordering_pattern,tcl/target/stm32f7x.cfg,openocd-parts-canonical-v627.csv,9ea7f3d647c8ecf6b0f1424002dfc3f4504a162c
STM32F777IIT6,STM32F7,STM32F777IITx,ordering_pattern,deterministic_ordering_pattern,tcl/target/stm32f7x.cfg,openocd-parts-canonical-v627.csv,9ea7f3d647c8ecf6b0f1424002dfc3f4504a162c
STM32F777IIT7,STM32F7,STM32F777IITx,ordering_pattern,deterministic_ordering_pattern,tcl/target/stm32f7x.cfg,openocd-parts-canonical-v627.csv,9ea7f3d647c8ecf6b0f1424002dfc3f4504a162c
STM32F777NIH6,STM32F7,STM32F777NIHx,ordering_pattern,deterministic_ordering_pattern,tcl/target/stm32f7x.cfg,openocd-parts-canonical-v627.csv,9ea7f3d647c8ecf6b0f1424002dfc3f4504a162c
STM32F777NIH7,STM32F7,STM32F777NIHx,ordering_pattern,deterministic_ordering_pattern,tcl/target/stm32f7x.cfg,openocd-parts-canonical-v627.csv,9ea7f3d647c8ecf6b0f1424002dfc3f4504a162c
STM32F777NIH7TR,STM32F7,STM32F777NIHx,ordering_pattern,deterministic_ordering_pattern,tcl/target/stm32f7x.cfg,openocd-parts-canonical-v627.csv,9ea7f3d647c8ecf6b0f1424002dfc3f4504a162c
STM32F777VIH6,STM32F7,STM32F777VIHx,ordering_pattern,deterministic_ordering_pattern,tcl/target/stm32f7x.cfg,openocd-parts-canonical-v627.csv,9ea7f3d647c8ecf6b0f1424002dfc3f4504a162c
STM32F777VIH7,STM32F7,STM32F777VIHx,ordering_pattern,deterministic_ordering_pattern,tcl/target/stm32f7x.cfg,openocd-parts-canonical-v627.csv,9ea7f3d647c8ecf6b0f1424002dfc3f4504a162c
STM32F777VIT6,STM32F7,STM32F777VITx,ordering_pattern,deterministic_ordering_pattern,tcl/target/stm32f7x.cfg,openocd-parts-canonical-v627.csv,9ea7f3d647c8ecf6b0f1424002dfc3f4504a162c
STM32F777ZIT6,STM32F7,STM32F777ZITx,ordering_pattern,deterministic_ordering_pattern,tcl/target/stm32f7x.cfg,openocd-parts-canonical-v627.csv,9ea7f3d647c8ecf6b0f1424002dfc3f4504a162c
STM32G491RCY6TR,STM32G4,STM32G491RCYx,ordering_pattern,deterministic_ordering_pattern,tcl/target/stm32g4x.cfg,openocd-final-route-delta-v6.31.csv,9ea7f3d647c8ecf6b0f1424002dfc3f4504a162c
