icpn,family,reason,production_runtime_commit
STM32C531CBT3,STM32C5,target_config_absent_from_pinned_production_runtime,9ea7f3d647c8ecf6b0f1424002dfc3f4504a162c
STM32C531CBT3TR,STM32C5,target_config_absent_from_pinned_production_runtime,9ea7f3d647c8ecf6b0f1424002dfc3f4504a162c
STM32C531CBT6,STM32C5,target_config_absent_from_pinned_production_runtime,9ea7f3d647c8ecf6b0f1424002dfc3f4504a162c
STM32C531CBU3,STM32C5,target_config_absent_from_pinned_production_runtime,9ea7f3d647c8ecf6b0f1424002dfc3f4504a162c
STM32C531CBU3TR,STM32C5,target_config_absent_from_pinned_production_runtime,9ea7f3d647c8ecf6b0f1424002dfc3f4504a162c
STM32C531CBU6,STM32C5,target_config_absent_from_pinned_production_runtime,9ea7f3d647c8ecf6b0f1424002dfc3f4504a162c
STM32C531CCT6,STM32C5,target_config_absent_from_pinned_production_runtime,9ea7f3d647c8ecf6b0f1424002dfc3f4504a162c
STM32C531CCU3,STM32C5,target_config_absent_from_pinned_production_runtime,9ea7f3d647c8ecf6b0f1424002dfc3f4504a162c
STM32C531CCU6,STM32C5,target_config_absent_from_pinned_production_runtime,9ea7f3d647c8ecf6b0f1424002dfc3f4504a162c
STM32C531EBU6,STM32C5,target_config_absent_from_pinned_production_runtime,9ea7f3d647c8ecf6b0f1424002dfc3f4504a162c
STM32C531ECU6,STM32C5,target_config_absent_from_pinned_production_runtime,9ea7f3d647c8ecf6b0f1424002dfc3f4504a162c
STM32C531FBU6TR,STM32C5,target_config_absent_from_pinned_production_runtime,9ea7f3d647c8ecf6b0f1424002dfc3f4504a162c
STM32C531FCU6TR,STM32C5,target_config_absent_from_pinned_production_runtime,9ea7f3d647c8ecf6b0f1424002dfc3f4504a162c
STM32C531KBT3,STM32C5,target_config_absent_from_pinned_production_runtime,9ea7f3d647c8ecf6b0f1424002dfc3f4504a162c
STM32C531KBT3TR,STM32C5,target_config_absent_from_pinned_production_runtime,9ea7f3d647c8ecf6b0f1424002dfc3f4504a162c
STM32C531KBT6,STM32C5,target_config_absent_from_pinned_production_runtime,9ea7f3d647c8ecf6b0f1424002dfc3f4504a162c
STM32C531KBU3,STM32C5,target_config_absent_from_pinned_production_runtime,9ea7f3d647c8ecf6b0f1424002dfc3f4504a162c
STM32C531KBU3TR,STM32C5,target_config_absent_from_pinned_production_runtime,9ea7f3d647c8ecf6b0f1424002dfc3f4504a162c
STM32C531KBU6,STM32C5,target_config_absent_from_pinned_production_runtime,9ea7f3d647c8ecf6b0f1424002dfc3f4504a162c
STM32C531KBU6TR,STM32C5,target_config_absent_from_pinned_production_runtime,9ea7f3d647c8ecf6b0f1424002dfc3f4504a162c
STM32C531KCT6,STM32C5,target_config_absent_from_pinned_production_runtime,9ea7f3d647c8ecf6b0f1424002dfc3f4504a162c
STM32C531KCU3,STM32C5,target_config_absent_from_pinned_production_runtime,9ea7f3d647c8ecf6b0f1424002dfc3f4504a162c
STM32C531KCU3TR,STM32C5,target_config_absent_from_pinned_production_runtime,9ea7f3d647c8ecf6b0f1424002dfc3f4504a162c
STM32C531KCU6,STM32C5,target_config_absent_from_pinned_production_runtime,9ea7f3d647c8ecf6b0f1424002dfc3f4504a162c
STM32C531KCU6TR,STM32C5,target_config_absent_from_pinned_production_runtime,9ea7f3d647c8ecf6b0f1424002dfc3f4504a162c
STM32C531RBT6,STM32C5,target_config_absent_from_pinned_production_runtime,9ea7f3d647c8ecf6b0f1424002dfc3f4504a162c
STM32C531RCT3,STM32C5,target_config_absent_from_pinned_production_runtime,9ea7f3d647c8ecf6b0f1424002dfc3f4504a162c
STM32C531RCT3TR,STM32C5,target_config_absent_from_pinned_production_runtime,9ea7f3d647c8ecf6b0f1424002dfc3f4504a162c
STM32C531RCT6,STM32C5,target_config_absent_from_pinned_production_runtime,9ea7f3d647c8ecf6b0f1424002dfc3f4504a162c
STM32C532CBT3,STM32C5,target_config_absent_from_pinned_production_runtime,9ea7f3d647c8ecf6b0f1424002dfc3f4504a162c
STM32C532CBT3TR,STM32C5,target_config_absent_from_pinned_production_runtime,9ea7f3d647c8ecf6b0f1424002dfc3f4504a162c
STM32C532CBT6,STM32C5,target_config_absent_from_pinned_production_runtime,9ea7f3d647c8ecf6b0f1424002dfc3f4504a162c
STM32C532CBU3,STM32C5,target_config_absent_from_pinned_production_runtime,9ea7f3d647c8ecf6b0f1424002dfc3f4504a162c
STM32C532CBU3TR,STM32C5,target_config_absent_from_pinned_production_runtime,9ea7f3d647c8ecf6b0f1424002dfc3f4504a162c
STM32C532CBU6,STM32C5,target_config_absent_from_pinned_production_runtime,9ea7f3d647c8ecf6b0f1424002dfc3f4504a162c
STM32C532CCT3,STM32C5,target_config_absent_from_pinned_production_runtime,9ea7f3d647c8ecf6b0f1424002dfc3f4504a162c
STM32C532CCT3TR,STM32C5,target_config_absent_from_pinned_production_runtime,9ea7f3d647c8ecf6b0f1424002dfc3f4504a162c
STM32C532CCT6,STM32C5,target_config_absent_from_pinned_production_runtime,9ea7f3d647c8ecf6b0f1424002dfc3f4504a162c
STM32C532CCU6,STM32C5,target_config_absent_from_pinned_production_runtime,9ea7f3d647c8ecf6b0f1424002dfc3f4504a162c
STM32C532EBU6,STM32C5,target_config_absent_from_pinned_production_runtime,9ea7f3d647c8ecf6b0f1424002dfc3f4504a162c
STM32C532ECU6,STM32C5,target_config_absent_from_pinned_production_runtime,9ea7f3d647c8ecf6b0f1424002dfc3f4504a162c
STM32C532FBU6TR,STM32C5,target_config_absent_from_pinned_production_runtime,9ea7f3d647c8ecf6b0f1424002dfc3f4504a162c
STM32C532FCU6TR,STM32C5,target_config_absent_from_pinned_production_runtime,9ea7f3d647c8ecf6b0f1424002dfc3f4504a162c
STM32C532KBT6,STM32C5,target_config_absent_from_pinned_production_runtime,9ea7f3d647c8ecf6b0f1424002dfc3f4504a162c
STM32C532KBU6,STM32C5,target_config_absent_from_pinned_production_runtime,9ea7f3d647c8ecf6b0f1424002dfc3f4504a162c
STM32C532KCT6,STM32C5,target_config_absent_from_pinned_production_runtime,9ea7f3d647c8ecf6b0f1424002dfc3f4504a162c
STM32C532KCU3,STM32C5,target_config_absent_from_pinned_production_runtime,9ea7f3d647c8ecf6b0f1424002dfc3f4504a162c
STM32C532KCU3TR,STM32C5,target_config_absent_from_pinned_production_runtime,9ea7f3d647c8ecf6b0f1424002dfc3f4504a162c
STM32C532KCU6,STM32C5,target_config_absent_from_pinned_production_runtime,9ea7f3d647c8ecf6b0f1424002dfc3f4504a162c
STM32C532RBT6,STM32C5,target_config_absent_from_pinned_production_runtime,9ea7f3d647c8ecf6b0f1424002dfc3f4504a162c
STM32C532RCT6,STM32C5,target_config_absent_from_pinned_production_runtime,9ea7f3d647c8ecf6b0f1424002dfc3f4504a162c
STM32C542CCT3,STM32C5,target_config_absent_from_pinned_production_runtime,9ea7f3d647c8ecf6b0f1424002dfc3f4504a162c
STM32C542CCT3TR,STM32C5,target_config_absent_from_pinned_production_runtime,9ea7f3d647c8ecf6b0f1424002dfc3f4504a162c
STM32C542CCT6,STM32C5,target_config_absent_from_pinned_production_runtime,9ea7f3d647c8ecf6b0f1424002dfc3f4504a162c
STM32C542CCU6,STM32C5,target_config_absent_from_pinned_production_runtime,9ea7f3d647c8ecf6b0f1424002dfc3f4504a162c
STM32C542ECU6,STM32C5,target_config_absent_from_pinned_production_runtime,9ea7f3d647c8ecf6b0f1424002dfc3f4504a162c
STM32C542FCU6TR,STM32C5,target_config_absent_from_pinned_production_runtime,9ea7f3d647c8ecf6b0f1424002dfc3f4504a162c
STM32C542KCT6,STM32C5,target_config_absent_from_pinned_production_runtime,9ea7f3d647c8ecf6b0f1424002dfc3f4504a162c
STM32C542KCU3,STM32C5,target_config_absent_from_pinned_production_runtime,9ea7f3d647c8ecf6b0f1424002dfc3f4504a162c
STM32C542KCU3TR,STM32C5,target_config_absent_from_pinned_production_runtime,9ea7f3d647c8ecf6b0f1424002dfc3f4504a162c
STM32C542KCU6,STM32C5,target_config_absent_from_pinned_production_runtime,9ea7f3d647c8ecf6b0f1424002dfc3f4504a162c
STM32C542RCT3,STM32C5,target_config_absent_from_pinned_production_runtime,9ea7f3d647c8ecf6b0f1424002dfc3f4504a162c
STM32C542RCT6,STM32C5,target_config_absent_from_pinned_production_runtime,9ea7f3d647c8ecf6b0f1424002dfc3f4504a162c
STM32C551CCT3,STM32C5,target_config_absent_from_pinned_production_runtime,9ea7f3d647c8ecf6b0f1424002dfc3f4504a162c
STM32C551CCT3TR,STM32C5,target_config_absent_from_pinned_production_runtime,9ea7f3d647c8ecf6b0f1424002dfc3f4504a162c
STM32C551CCT6,STM32C5,target_config_absent_from_pinned_production_runtime,9ea7f3d647c8ecf6b0f1424002dfc3f4504a162c
STM32C551CCT6TR,STM32C5,target_config_absent_from_pinned_production_runtime,9ea7f3d647c8ecf6b0f1424002dfc3f4504a162c
STM32C551CCT7,STM32C5,target_config_absent_from_pinned_production_runtime,9ea7f3d647c8ecf6b0f1424002dfc3f4504a162c
STM32C551CCT7TR,STM32C5,target_config_absent_from_pinned_production_runtime,9ea7f3d647c8ecf6b0f1424002dfc3f4504a162c
STM32C551CCU6,STM32C5,target_config_absent_from_pinned_production_runtime,9ea7f3d647c8ecf6b0f1424002dfc3f4504a162c
STM32C551CET3,STM32C5,target_config_absent_from_pinned_production_runtime,9ea7f3d647c8ecf6b0f1424002dfc3f4504a162c
STM32C551CET3TR,STM32C5,target_config_absent_from_pinned_production_runtime,9ea7f3d647c8ecf6b0f1424002dfc3f4504a162c
STM32C551CET6,STM32C5,target_config_absent_from_pinned_production_runtime,9ea7f3d647c8ecf6b0f1424002dfc3f4504a162c
STM32C551CEU6,STM32C5,target_config_absent_from_pinned_production_runtime,9ea7f3d647c8ecf6b0f1424002dfc3f4504a162c
STM32C551CEU6TR,STM32C5,target_config_absent_from_pinned_production_runtime,9ea7f3d647c8ecf6b0f1424002dfc3f4504a162c
STM32C551KCT6,STM32C5,target_config_absent_from_pinned_production_runtime,9ea7f3d647c8ecf6b0f1424002dfc3f4504a162c
STM32C551KCU3,STM32C5,target_config_absent_from_pinned_production_runtime,9ea7f3d647c8ecf6b0f1424002dfc3f4504a162c
STM32C551KCU3TR,STM32C5,target_config_absent_from_pinned_production_runtime,9ea7f3d647c8ecf6b0f1424002dfc3f4504a162c
STM32C551KCU6,STM32C5,target_config_absent_from_pinned_production_runtime,9ea7f3d647c8ecf6b0f1424002dfc3f4504a162c
STM32C551KET6,STM32C5,target_config_absent_from_pinned_production_runtime,9ea7f3d647c8ecf6b0f1424002dfc3f4504a162c
STM32C551KEU6,STM32C5,target_config_absent_from_pinned_production_runtime,9ea7f3d647c8ecf6b0f1424002dfc3f4504a162c
STM32C551KEU6TR,STM32C5,target_config_absent_from_pinned_production_runtime,9ea7f3d647c8ecf6b0f1424002dfc3f4504a162c
STM32C551MCT6,STM32C5,target_config_absent_from_pinned_production_runtime,9ea7f3d647c8ecf6b0f1424002dfc3f4504a162c
STM32C551MET6,STM32C5,target_config_absent_from_pinned_production_runtime,9ea7f3d647c8ecf6b0f1424002dfc3f4504a162c
STM32C551RCT6,STM32C5,target_config_absent_from_pinned_production_runtime,9ea7f3d647c8ecf6b0f1424002dfc3f4504a162c
STM32C551RET3,STM32C5,target_config_absent_from_pinned_production_runtime,9ea7f3d647c8ecf6b0f1424002dfc3f4504a162c
STM32C551RET3TR,STM32C5,target_config_absent_from_pinned_production_runtime,9ea7f3d647c8ecf6b0f1424002dfc3f4504a162c
STM32C551RET6,STM32C5,target_config_absent_from_pinned_production_runtime,9ea7f3d647c8ecf6b0f1424002dfc3f4504a162c
STM32C551VCT6,STM32C5,target_config_absent_from_pinned_production_runtime,9ea7f3d647c8ecf6b0f1424002dfc3f4504a162c
STM32C551VCT6TR,STM32C5,target_config_absent_from_pinned_production_runtime,9ea7f3d647c8ecf6b0f1424002dfc3f4504a162c
STM32C551VET6,STM32C5,target_config_absent_from_pinned_production_runtime,9ea7f3d647c8ecf6b0f1424002dfc3f4504a162c
STM32C551VET6TR,STM32C5,target_config_absent_from_pinned_production_runtime,9ea7f3d647c8ecf6b0f1424002dfc3f4504a162c
STM32C552CCT6,STM32C5,target_config_absent_from_pinned_production_runtime,9ea7f3d647c8ecf6b0f1424002dfc3f4504a162c
STM32C552CCU6,STM32C5,target_config_absent_from_pinned_production_runtime,9ea7f3d647c8ecf6b0f1424002dfc3f4504a162c
STM32C552CET6,STM32C5,target_config_absent_from_pinned_production_runtime,9ea7f3d647c8ecf6b0f1424002dfc3f4504a162c
STM32C552CEU6,STM32C5,target_config_absent_from_pinned_production_runtime,9ea7f3d647c8ecf6b0f1424002dfc3f4504a162c
STM32C552KCT6,STM32C5,target_config_absent_from_pinned_production_runtime,9ea7f3d647c8ecf6b0f1424002dfc3f4504a162c
STM32C552KCU3,STM32C5,target_config_absent_from_pinned_production_runtime,9ea7f3d647c8ecf6b0f1424002dfc3f4504a162c
STM32C552KCU6,STM32C5,target_config_absent_from_pinned_production_runtime,9ea7f3d647c8ecf6b0f1424002dfc3f4504a162c
STM32C552KET6,STM32C5,target_config_absent_from_pinned_production_runtime,9ea7f3d647c8ecf6b0f1424002dfc3f4504a162c
STM32C552KEU6,STM32C5,target_config_absent_from_pinned_production_runtime,9ea7f3d647c8ecf6b0f1424002dfc3f4504a162c
STM32C552MCT6,STM32C5,target_config_absent_from_pinned_production_runtime,9ea7f3d647c8ecf6b0f1424002dfc3f4504a162c
STM32C552MET6,STM32C5,target_config_absent_from_pinned_production_runtime,9ea7f3d647c8ecf6b0f1424002dfc3f4504a162c
STM32C552RCT3,STM32C5,target_config_absent_from_pinned_production_runtime,9ea7f3d647c8ecf6b0f1424002dfc3f4504a162c
STM32C552RCT3TR,STM32C5,target_config_absent_from_pinned_production_runtime,9ea7f3d647c8ecf6b0f1424002dfc3f4504a162c
STM32C552RCT6,STM32C5,target_config_absent_from_pinned_production_runtime,9ea7f3d647c8ecf6b0f1424002dfc3f4504a162c
STM32C552RET3,STM32C5,target_config_absent_from_pinned_production_runtime,9ea7f3d647c8ecf6b0f1424002dfc3f4504a162c
STM32C552RET3TR,STM32C5,target_config_absent_from_pinned_production_runtime,9ea7f3d647c8ecf6b0f1424002dfc3f4504a162c
STM32C552RET6,STM32C5,target_config_absent_from_pinned_production_runtime,9ea7f3d647c8ecf6b0f1424002dfc3f4504a162c
STM32C552VCT6,STM32C5,target_config_absent_from_pinned_production_runtime,9ea7f3d647c8ecf6b0f1424002dfc3f4504a162c
STM32C552VET6,STM32C5,target_config_absent_from_pinned_production_runtime,9ea7f3d647c8ecf6b0f1424002dfc3f4504a162c
STM32C562CET6,STM32C5,target_config_absent_from_pinned_production_runtime,9ea7f3d647c8ecf6b0f1424002dfc3f4504a162c
STM32C562CEU6,STM32C5,target_config_absent_from_pinned_production_runtime,9ea7f3d647c8ecf6b0f1424002dfc3f4504a162c
STM32C562KET6,STM32C5,target_config_absent_from_pinned_production_runtime,9ea7f3d647c8ecf6b0f1424002dfc3f4504a162c
STM32C562KEU3,STM32C5,target_config_absent_from_pinned_production_runtime,9ea7f3d647c8ecf6b0f1424002dfc3f4504a162c
STM32C562KEU3TR,STM32C5,target_config_absent_from_pinned_production_runtime,9ea7f3d647c8ecf6b0f1424002dfc3f4504a162c
STM32C562KEU6,STM32C5,target_config_absent_from_pinned_production_runtime,9ea7f3d647c8ecf6b0f1424002dfc3f4504a162c
STM32C562MET6,STM32C5,target_config_absent_from_pinned_production_runtime,9ea7f3d647c8ecf6b0f1424002dfc3f4504a162c
STM32C562MET6TR,STM32C5,target_config_absent_from_pinned_production_runtime,9ea7f3d647c8ecf6b0f1424002dfc3f4504a162c
STM32C562RET3,STM32C5,target_config_absent_from_pinned_production_runtime,9ea7f3d647c8ecf6b0f1424002dfc3f4504a162c
STM32C562RET3TR,STM32C5,target_config_absent_from_pinned_production_runtime,9ea7f3d647c8ecf6b0f1424002dfc3f4504a162c
STM32C562RET6,STM32C5,target_config_absent_from_pinned_production_runtime,9ea7f3d647c8ecf6b0f1424002dfc3f4504a162c
STM32C562VET6,STM32C5,target_config_absent_from_pinned_production_runtime,9ea7f3d647c8ecf6b0f1424002dfc3f4504a162c
STM32C591CET6,STM32C5,target_config_absent_from_pinned_production_runtime,9ea7f3d647c8ecf6b0f1424002dfc3f4504a162c
STM32C591CEU6,STM32C5,target_config_absent_from_pinned_production_runtime,9ea7f3d647c8ecf6b0f1424002dfc3f4504a162c
STM32C591CGT6,STM32C5,target_config_absent_from_pinned_production_runtime,9ea7f3d647c8ecf6b0f1424002dfc3f4504a162c
STM32C591CGU6,STM32C5,target_config_absent_from_pinned_production_runtime,9ea7f3d647c8ecf6b0f1424002dfc3f4504a162c
STM32C591CGU6TR,STM32C5,target_config_absent_from_pinned_production_runtime,9ea7f3d647c8ecf6b0f1424002dfc3f4504a162c
STM32C591KET6,STM32C5,target_config_absent_from_pinned_production_runtime,9ea7f3d647c8ecf6b0f1424002dfc3f4504a162c
STM32C591KGT6,STM32C5,target_config_absent_from_pinned_production_runtime,9ea7f3d647c8ecf6b0f1424002dfc3f4504a162c
STM32C591KGU6,STM32C5,target_config_absent_from_pinned_production_runtime,9ea7f3d647c8ecf6b0f1424002dfc3f4504a162c
STM32C591MET6,STM32C5,target_config_absent_from_pinned_production_runtime,9ea7f3d647c8ecf6b0f1424002dfc3f4504a162c
STM32C591MGT6,STM32C5,target_config_absent_from_pinned_production_runtime,9ea7f3d647c8ecf6b0f1424002dfc3f4504a162c
STM32C591RET3,STM32C5,target_config_absent_from_pinned_production_runtime,9ea7f3d647c8ecf6b0f1424002dfc3f4504a162c
STM32C591RET3TR,STM32C5,target_config_absent_from_pinned_production_runtime,9ea7f3d647c8ecf6b0f1424002dfc3f4504a162c
STM32C591RET6,STM32C5,target_config_absent_from_pinned_production_runtime,9ea7f3d647c8ecf6b0f1424002dfc3f4504a162c
STM32C591RET6TR,STM32C5,target_config_absent_from_pinned_production_runtime,9ea7f3d647c8ecf6b0f1424002dfc3f4504a162c
STM32C591RGT6,STM32C5,target_config_absent_from_pinned_production_runtime,9ea7f3d647c8ecf6b0f1424002dfc3f4504a162c
STM32C591RGT6TR,STM32C5,target_config_absent_from_pinned_production_runtime,9ea7f3d647c8ecf6b0f1424002dfc3f4504a162c
STM32C591VET6,STM32C5,target_config_absent_from_pinned_production_runtime,9ea7f3d647c8ecf6b0f1424002dfc3f4504a162c
STM32C591VGT6,STM32C5,target_config_absent_from_pinned_production_runtime,9ea7f3d647c8ecf6b0f1424002dfc3f4504a162c
STM32C591ZET6,STM32C5,target_config_absent_from_pinned_production_runtime,9ea7f3d647c8ecf6b0f1424002dfc3f4504a162c
STM32C591ZGT6,STM32C5,target_config_absent_from_pinned_production_runtime,9ea7f3d647c8ecf6b0f1424002dfc3f4504a162c
STM32C593CET6,STM32C5,target_config_absent_from_pinned_production_runtime,9ea7f3d647c8ecf6b0f1424002dfc3f4504a162c
STM32C593CEU3,STM32C5,target_config_absent_from_pinned_production_runtime,9ea7f3d647c8ecf6b0f1424002dfc3f4504a162c
STM32C593CEU3TR,STM32C5,target_config_absent_from_pinned_production_runtime,9ea7f3d647c8ecf6b0f1424002dfc3f4504a162c
STM32C593CEU6,STM32C5,target_config_absent_from_pinned_production_runtime,9ea7f3d647c8ecf6b0f1424002dfc3f4504a162c
STM32C593CGT6,STM32C5,target_config_absent_from_pinned_production_runtime,9ea7f3d647c8ecf6b0f1424002dfc3f4504a162c
STM32C593CGU6,STM32C5,target_config_absent_from_pinned_production_runtime,9ea7f3d647c8ecf6b0f1424002dfc3f4504a162c
STM32C593KET6,STM32C5,target_config_absent_from_pinned_production_runtime,9ea7f3d647c8ecf6b0f1424002dfc3f4504a162c
STM32C593KGT6,STM32C5,target_config_absent_from_pinned_production_runtime,9ea7f3d647c8ecf6b0f1424002dfc3f4504a162c
STM32C593KGU3,STM32C5,target_config_absent_from_pinned_production_runtime,9ea7f3d647c8ecf6b0f1424002dfc3f4504a162c
STM32C593KGU6,STM32C5,target_config_absent_from_pinned_production_runtime,9ea7f3d647c8ecf6b0f1424002dfc3f4504a162c
STM32C593MET6,STM32C5,target_config_absent_from_pinned_production_runtime,9ea7f3d647c8ecf6b0f1424002dfc3f4504a162c
STM32C593MGT6,STM32C5,target_config_absent_from_pinned_production_runtime,9ea7f3d647c8ecf6b0f1424002dfc3f4504a162c
STM32C593RET6,STM32C5,target_config_absent_from_pinned_production_runtime,9ea7f3d647c8ecf6b0f1424002dfc3f4504a162c
STM32C593RGT6,STM32C5,target_config_absent_from_pinned_production_runtime,9ea7f3d647c8ecf6b0f1424002dfc3f4504a162c
STM32C593VET3,STM32C5,target_config_absent_from_pinned_production_runtime,9ea7f3d647c8ecf6b0f1424002dfc3f4504a162c
STM32C593VET6,STM32C5,target_config_absent_from_pinned_production_runtime,9ea7f3d647c8ecf6b0f1424002dfc3f4504a162c
STM32C593VGT6,STM32C5,target_config_absent_from_pinned_production_runtime,9ea7f3d647c8ecf6b0f1424002dfc3f4504a162c
STM32C593ZET6,STM32C5,target_config_absent_from_pinned_production_runtime,9ea7f3d647c8ecf6b0f1424002dfc3f4504a162c
STM32C593ZGT6,STM32C5,target_config_absent_from_pinned_production_runtime,9ea7f3d647c8ecf6b0f1424002dfc3f4504a162c
STM32C5A3CGT6,STM32C5,target_config_absent_from_pinned_production_runtime,9ea7f3d647c8ecf6b0f1424002dfc3f4504a162c
STM32C5A3CGU6,STM32C5,target_config_absent_from_pinned_production_runtime,9ea7f3d647c8ecf6b0f1424002dfc3f4504a162c
STM32C5A3KGT6,STM32C5,target_config_absent_from_pinned_production_runtime,9ea7f3d647c8ecf6b0f1424002dfc3f4504a162c
STM32C5A3KGU3,STM32C5,target_config_absent_from_pinned_production_runtime,9ea7f3d647c8ecf6b0f1424002dfc3f4504a162c
STM32C5A3KGU3TR,STM32C5,target_config_absent_from_pinned_production_runtime,9ea7f3d647c8ecf6b0f1424002dfc3f4504a162c
STM32C5A3KGU6,STM32C5,target_config_absent_from_pinned_production_runtime,9ea7f3d647c8ecf6b0f1424002dfc3f4504a162c
STM32C5A3MGT6,STM32C5,target_config_absent_from_pinned_production_runtime,9ea7f3d647c8ecf6b0f1424002dfc3f4504a162c
STM32C5A3RGT6,STM32C5,target_config_absent_from_pinned_production_runtime,9ea7f3d647c8ecf6b0f1424002dfc3f4504a162c
STM32C5A3VGT6,STM32C5,target_config_absent_from_pinned_production_runtime,9ea7f3d647c8ecf6b0f1424002dfc3f4504a162c
STM32C5A3ZGT6,STM32C5,target_config_absent_from_pinned_production_runtime,9ea7f3d647c8ecf6b0f1424002dfc3f4504a162c
STM32H503CBT6,STM32H5,target_config_absent_from_pinned_production_runtime,9ea7f3d647c8ecf6b0f1424002dfc3f4504a162c
STM32H503CBT7,STM32H5,target_config_absent_from_pinned_production_runtime,9ea7f3d647c8ecf6b0f1424002dfc3f4504a162c
STM32H503CBT7TR,STM32H5,target_config_absent_from_pinned_production_runtime,9ea7f3d647c8ecf6b0f1424002dfc3f4504a162c
STM32H503CBU6,STM32H5,target_config_absent_from_pinned_production_runtime,9ea7f3d647c8ecf6b0f1424002dfc3f4504a162c
STM32H503CBU6TR,STM32H5,target_config_absent_from_pinned_production_runtime,9ea7f3d647c8ecf6b0f1424002dfc3f4504a162c
STM32H503CBU7,STM32H5,target_config_absent_from_pinned_production_runtime,9ea7f3d647c8ecf6b0f1424002dfc3f4504a162c
STM32H503EBY6TR,STM32H5,target_config_absent_from_pinned_production_runtime,9ea7f3d647c8ecf6b0f1424002dfc3f4504a162c
STM32H503EBY7TR,STM32H5,target_config_absent_from_pinned_production_runtime,9ea7f3d647c8ecf6b0f1424002dfc3f4504a162c
STM32H503KBU6,STM32H5,target_config_absent_from_pinned_production_runtime,9ea7f3d647c8ecf6b0f1424002dfc3f4504a162c
STM32H503KBU7,STM32H5,target_config_absent_from_pinned_production_runtime,9ea7f3d647c8ecf6b0f1424002dfc3f4504a162c
STM32H503KBU7TR,STM32H5,target_config_absent_from_pinned_production_runtime,9ea7f3d647c8ecf6b0f1424002dfc3f4504a162c
STM32H503RBT6,STM32H5,target_config_absent_from_pinned_production_runtime,9ea7f3d647c8ecf6b0f1424002dfc3f4504a162c
STM32H503RBT6TR,STM32H5,target_config_absent_from_pinned_production_runtime,9ea7f3d647c8ecf6b0f1424002dfc3f4504a162c
STM32H503RBT7,STM32H5,target_config_absent_from_pinned_production_runtime,9ea7f3d647c8ecf6b0f1424002dfc3f4504a162c
STM32H523CCT6,STM32H5,target_config_absent_from_pinned_production_runtime,9ea7f3d647c8ecf6b0f1424002dfc3f4504a162c
STM32H523CCT6TR,STM32H5,target_config_absent_from_pinned_production_runtime,9ea7f3d647c8ecf6b0f1424002dfc3f4504a162c
STM32H523CCT7,STM32H5,target_config_absent_from_pinned_production_runtime,9ea7f3d647c8ecf6b0f1424002dfc3f4504a162c
STM32H523CCU6,STM32H5,target_config_absent_from_pinned_production_runtime,9ea7f3d647c8ecf6b0f1424002dfc3f4504a162c
STM32H523CCU6TR,STM32H5,target_config_absent_from_pinned_production_runtime,9ea7f3d647c8ecf6b0f1424002dfc3f4504a162c
STM32H523CCU7,STM32H5,target_config_absent_from_pinned_production_runtime,9ea7f3d647c8ecf6b0f1424002dfc3f4504a162c
STM32H523CCU7TR,STM32H5,target_config_absent_from_pinned_production_runtime,9ea7f3d647c8ecf6b0f1424002dfc3f4504a162c
STM32H523CET6,STM32H5,target_config_absent_from_pinned_production_runtime,9ea7f3d647c8ecf6b0f1424002dfc3f4504a162c
STM32H523CET7,STM32H5,target_config_absent_from_pinned_production_runtime,9ea7f3d647c8ecf6b0f1424002dfc3f4504a162c
STM32H523CET7TR,STM32H5,target_config_absent_from_pinned_production_runtime,9ea7f3d647c8ecf6b0f1424002dfc3f4504a162c
STM32H523CEU6,STM32H5,target_config_absent_from_pinned_production_runtime,9ea7f3d647c8ecf6b0f1424002dfc3f4504a162c
STM32H523CEU6TR,STM32H5,target_config_absent_from_pinned_production_runtime,9ea7f3d647c8ecf6b0f1424002dfc3f4504a162c
STM32H523HEY6TR,STM32H5,target_config_absent_from_pinned_production_runtime,9ea7f3d647c8ecf6b0f1424002dfc3f4504a162c
STM32H523HEY7TR,STM32H5,target_config_absent_from_pinned_production_runtime,9ea7f3d647c8ecf6b0f1424002dfc3f4504a162c
STM32H523RCT6,STM32H5,target_config_absent_from_pinned_production_runtime,9ea7f3d647c8ecf6b0f1424002dfc3f4504a162c
STM32H523RCT6TR,STM32H5,target_config_absent_from_pinned_production_runtime,9ea7f3d647c8ecf6b0f1424002dfc3f4504a162c
STM32H523RCT7,STM32H5,target_config_absent_from_pinned_production_runtime,9ea7f3d647c8ecf6b0f1424002dfc3f4504a162c
STM32H523RCT7TR,STM32H5,target_config_absent_from_pinned_production_runtime,9ea7f3d647c8ecf6b0f1424002dfc3f4504a162c
STM32H523RET6,STM32H5,target_config_absent_from_pinned_production_runtime,9ea7f3d647c8ecf6b0f1424002dfc3f4504a162c
STM32H523RET6TR,STM32H5,target_config_absent_from_pinned_production_runtime,9ea7f3d647c8ecf6b0f1424002dfc3f4504a162c
STM32H523RET7,STM32H5,target_config_absent_from_pinned_production_runtime,9ea7f3d647c8ecf6b0f1424002dfc3f4504a162c
STM32H523RET7TR,STM32H5,target_config_absent_from_pinned_production_runtime,9ea7f3d647c8ecf6b0f1424002dfc3f4504a162c
STM32H523VCI6,STM32H5,target_config_absent_from_pinned_production_runtime,9ea7f3d647c8ecf6b0f1424002dfc3f4504a162c
STM32H523VCI7,STM32H5,target_config_absent_from_pinned_production_runtime,9ea7f3d647c8ecf6b0f1424002dfc3f4504a162c
STM32H523VCI7TR,STM32H5,target_config_absent_from_pinned_production_runtime,9ea7f3d647c8ecf6b0f1424002dfc3f4504a162c
STM32H523VCT6,STM32H5,target_config_absent_from_pinned_production_runtime,9ea7f3d647c8ecf6b0f1424002dfc3f4504a162c
STM32H523VEI6,STM32H5,target_config_absent_from_pinned_production_runtime,9ea7f3d647c8ecf6b0f1424002dfc3f4504a162c
STM32H523VEI7,STM32H5,target_config_absent_from_pinned_production_runtime,9ea7f3d647c8ecf6b0f1424002dfc3f4504a162c
STM32H523VEI7TR,STM32H5,target_config_absent_from_pinned_production_runtime,9ea7f3d647c8ecf6b0f1424002dfc3f4504a162c
STM32H523VET6,STM32H5,target_config_absent_from_pinned_production_runtime,9ea7f3d647c8ecf6b0f1424002dfc3f4504a162c
STM32H523VET6TR,STM32H5,target_config_absent_from_pinned_production_runtime,9ea7f3d647c8ecf6b0f1424002dfc3f4504a162c
STM32H523VET7,STM32H5,target_config_absent_from_pinned_production_runtime,9ea7f3d647c8ecf6b0f1424002dfc3f4504a162c
STM32H523ZCJ6,STM32H5,target_config_absent_from_pinned_production_runtime,9ea7f3d647c8ecf6b0f1424002dfc3f4504a162c
STM32H523ZCJ7,STM32H5,target_config_absent_from_pinned_production_runtime,9ea7f3d647c8ecf6b0f1424002dfc3f4504a162c
STM32H523ZCT6,STM32H5,target_config_absent_from_pinned_production_runtime,9ea7f3d647c8ecf6b0f1424002dfc3f4504a162c
STM32H523ZCT6TR,STM32H5,target_config_absent_from_pinned_production_runtime,9ea7f3d647c8ecf6b0f1424002dfc3f4504a162c
STM32H523ZEJ6,STM32H5,target_config_absent_from_pinned_production_runtime,9ea7f3d647c8ecf6b0f1424002dfc3f4504a162c
STM32H523ZET6,STM32H5,target_config_absent_from_pinned_production_runtime,9ea7f3d647c8ecf6b0f1424002dfc3f4504a162c
STM32H523ZET7,STM32H5,target_config_absent_from_pinned_production_runtime,9ea7f3d647c8ecf6b0f1424002dfc3f4504a162c
STM32H533CET6,STM32H5,target_config_absent_from_pinned_production_runtime,9ea7f3d647c8ecf6b0f1424002dfc3f4504a162c
STM32H533CEU6,STM32H5,target_config_absent_from_pinned_production_runtime,9ea7f3d647c8ecf6b0f1424002dfc3f4504a162c
STM32H533CEU6TR,STM32H5,target_config_absent_from_pinned_production_runtime,9ea7f3d647c8ecf6b0f1424002dfc3f4504a162c
STM32H533HEY6TR,STM32H5,target_config_absent_from_pinned_production_runtime,9ea7f3d647c8ecf6b0f1424002dfc3f4504a162c
STM32H533RET6,STM32H5,target_config_absent_from_pinned_production_runtime,9ea7f3d647c8ecf6b0f1424002dfc3f4504a162c
STM32H533RET6TR,STM32H5,target_config_absent_from_pinned_production_runtime,9ea7f3d647c8ecf6b0f1424002dfc3f4504a162c
STM32H533RET7,STM32H5,target_config_absent_from_pinned_production_runtime,9ea7f3d647c8ecf6b0f1424002dfc3f4504a162c
STM32H533VEI6,STM32H5,target_config_absent_from_pinned_production_runtime,9ea7f3d647c8ecf6b0f1424002dfc3f4504a162c
STM32H533VET6,STM32H5,target_config_absent_from_pinned_production_runtime,9ea7f3d647c8ecf6b0f1424002dfc3f4504a162c
STM32H533VET6TR,STM32H5,target_config_absent_from_pinned_production_runtime,9ea7f3d647c8ecf6b0f1424002dfc3f4504a162c
STM32H533VET7,STM32H5,target_config_absent_from_pinned_production_runtime,9ea7f3d647c8ecf6b0f1424002dfc3f4504a162c
STM32H533ZEJ6,STM32H5,target_config_absent_from_pinned_production_runtime,9ea7f3d647c8ecf6b0f1424002dfc3f4504a162c
STM32H533ZET6,STM32H5,target_config_absent_from_pinned_production_runtime,9ea7f3d647c8ecf6b0f1424002dfc3f4504a162c
STM32H533ZET6TR,STM32H5,target_config_absent_from_pinned_production_runtime,9ea7f3d647c8ecf6b0f1424002dfc3f4504a162c
STM32H543VET6,STM32H5,target_config_absent_from_pinned_production_runtime,9ea7f3d647c8ecf6b0f1424002dfc3f4504a162c
STM32H543VGT6,STM32H5,target_config_absent_from_pinned_production_runtime,9ea7f3d647c8ecf6b0f1424002dfc3f4504a162c
STM32H543ZET6,STM32H5,target_config_absent_from_pinned_production_runtime,9ea7f3d647c8ecf6b0f1424002dfc3f4504a162c
STM32H543ZGT6,STM32H5,target_config_absent_from_pinned_production_runtime,9ea7f3d647c8ecf6b0f1424002dfc3f4504a162c
STM32H553VGT6,STM32H5,target_config_absent_from_pinned_production_runtime,9ea7f3d647c8ecf6b0f1424002dfc3f4504a162c
STM32H553ZGT6,STM32H5,target_config_absent_from_pinned_production_runtime,9ea7f3d647c8ecf6b0f1424002dfc3f4504a162c
STM32H562AGI6,STM32H5,target_config_absent_from_pinned_production_runtime,9ea7f3d647c8ecf6b0f1424002dfc3f4504a162c
STM32H562AGI7,STM32H5,target_config_absent_from_pinned_production_runtime,9ea7f3d647c8ecf6b0f1424002dfc3f4504a162c
STM32H562AGI7TR,STM32H5,target_config_absent_from_pinned_production_runtime,9ea7f3d647c8ecf6b0f1424002dfc3f4504a162c
STM32H562AII6,STM32H5,target_config_absent_from_pinned_production_runtime,9ea7f3d647c8ecf6b0f1424002dfc3f4504a162c
STM32H562AII7,STM32H5,target_config_absent_from_pinned_production_runtime,9ea7f3d647c8ecf6b0f1424002dfc3f4504a162c
STM32H562IGK6,STM32H5,target_config_absent_from_pinned_production_runtime,9ea7f3d647c8ecf6b0f1424002dfc3f4504a162c
STM32H562IGT6,STM32H5,target_config_absent_from_pinned_production_runtime,9ea7f3d647c8ecf6b0f1424002dfc3f4504a162c
STM32H562IIK6,STM32H5,target_config_absent_from_pinned_production_runtime,9ea7f3d647c8ecf6b0f1424002dfc3f4504a162c
STM32H562IIT6,STM32H5,target_config_absent_from_pinned_production_runtime,9ea7f3d647c8ecf6b0f1424002dfc3f4504a162c
STM32H562RGT6,STM32H5,target_config_absent_from_pinned_production_runtime,9ea7f3d647c8ecf6b0f1424002dfc3f4504a162c
STM32H562RGT6TR,STM32H5,target_config_absent_from_pinned_production_runtime,9ea7f3d647c8ecf6b0f1424002dfc3f4504a162c
STM32H562RGV6,STM32H5,target_config_absent_from_pinned_production_runtime,9ea7f3d647c8ecf6b0f1424002dfc3f4504a162c
STM32H562RIT6,STM32H5,target_config_absent_from_pinned_production_runtime,9ea7f3d647c8ecf6b0f1424002dfc3f4504a162c
STM32H562RIV6,STM32H5,target_config_absent_from_pinned_production_runtime,9ea7f3d647c8ecf6b0f1424002dfc3f4504a162c
STM32H562VGT6,STM32H5,target_config_absent_from_pinned_production_runtime,9ea7f3d647c8ecf6b0f1424002dfc3f4504a162c
STM32H562VGT6TR,STM32H5,target_config_absent_from_pinned_production_runtime,9ea7f3d647c8ecf6b0f1424002dfc3f4504a162c
STM32H562VGT7,STM32H5,target_config_absent_from_pinned_production_runtime,9ea7f3d647c8ecf6b0f1424002dfc3f4504a162c
STM32H562VIT6,STM32H5,target_config_absent_from_pinned_production_runtime,9ea7f3d647c8ecf6b0f1424002dfc3f4504a162c
STM32H562ZGT6,STM32H5,target_config_absent_from_pinned_production_runtime,9ea7f3d647c8ecf6b0f1424002dfc3f4504a162c
STM32H562ZGT6TR,STM32H5,target_config_absent_from_pinned_production_runtime,9ea7f3d647c8ecf6b0f1424002dfc3f4504a162c
STM32H562ZGT7,STM32H5,target_config_absent_from_pinned_production_runtime,9ea7f3d647c8ecf6b0f1424002dfc3f4504a162c
STM32H562ZIT6,STM32H5,target_config_absent_from_pinned_production_runtime,9ea7f3d647c8ecf6b0f1424002dfc3f4504a162c
STM32H563AGI6,STM32H5,target_config_absent_from_pinned_production_runtime,9ea7f3d647c8ecf6b0f1424002dfc3f4504a162c
STM32H563AII3Q,STM32H5,target_config_absent_from_pinned_production_runtime,9ea7f3d647c8ecf6b0f1424002dfc3f4504a162c
STM32H563AII3QTR,STM32H5,target_config_absent_from_pinned_production_runtime,9ea7f3d647c8ecf6b0f1424002dfc3f4504a162c
STM32H563AII6,STM32H5,target_config_absent_from_pinned_production_runtime,9ea7f3d647c8ecf6b0f1424002dfc3f4504a162c
STM32H563IGK6,STM32H5,target_config_absent_from_pinned_production_runtime,9ea7f3d647c8ecf6b0f1424002dfc3f4504a162c
STM32H563IGK7,STM32H5,target_config_absent_from_pinned_production_runtime,9ea7f3d647c8ecf6b0f1424002dfc3f4504a162c
STM32H563IGT6,STM32H5,target_config_absent_from_pinned_production_runtime,9ea7f3d647c8ecf6b0f1424002dfc3f4504a162c
STM32H563IIK3Q,STM32H5,target_config_absent_from_pinned_production_runtime,9ea7f3d647c8ecf6b0f1424002dfc3f4504a162c
STM32H563IIK6,STM32H5,target_config_absent_from_pinned_production_runtime,9ea7f3d647c8ecf6b0f1424002dfc3f4504a162c
STM32H563IIK6TR,STM32H5,target_config_absent_from_pinned_production_runtime,9ea7f3d647c8ecf6b0f1424002dfc3f4504a162c
STM32H563IIT3Q,STM32H5,target_config_absent_from_pinned_production_runtime,9ea7f3d647c8ecf6b0f1424002dfc3f4504a162c
STM32H563IIT6,STM32H5,target_config_absent_from_pinned_production_runtime,9ea7f3d647c8ecf6b0f1424002dfc3f4504a162c
STM32H563LIH3Q,STM32H5,target_config_absent_from_pinned_production_runtime,9ea7f3d647c8ecf6b0f1424002dfc3f4504a162c
STM32H563LIH3QTR,STM32H5,target_config_absent_from_pinned_production_runtime,9ea7f3d647c8ecf6b0f1424002dfc3f4504a162c
STM32H563MIY3QTR,STM32H5,target_config_absent_from_pinned_production_runtime,9ea7f3d647c8ecf6b0f1424002dfc3f4504a162c
STM32H563RGT6,STM32H5,target_config_absent_from_pinned_production_runtime,9ea7f3d647c8ecf6b0f1424002dfc3f4504a162c
STM32H563RGT7,STM32H5,target_config_absent_from_pinned_production_runtime,9ea7f3d647c8ecf6b0f1424002dfc3f4504a162c
STM32H563RGV6,STM32H5,target_config_absent_from_pinned_production_runtime,9ea7f3d647c8ecf6b0f1424002dfc3f4504a162c
STM32H563RIT6,STM32H5,target_config_absent_from_pinned_production_runtime,9ea7f3d647c8ecf6b0f1424002dfc3f4504a162c
STM32H563RIT7,STM32H5,target_config_absent_from_pinned_production_runtime,9ea7f3d647c8ecf6b0f1424002dfc3f4504a162c
STM32H563RIV6,STM32H5,target_config_absent_from_pinned_production_runtime,9ea7f3d647c8ecf6b0f1424002dfc3f4504a162c
STM32H563VGT6,STM32H5,target_config_absent_from_pinned_production_runtime,9ea7f3d647c8ecf6b0f1424002dfc3f4504a162c
STM32H563VGT6TR,STM32H5,target_config_absent_from_pinned_production_runtime,9ea7f3d647c8ecf6b0f1424002dfc3f4504a162c
STM32H563VGT7TR,STM32H5,target_config_absent_from_pinned_production_runtime,9ea7f3d647c8ecf6b0f1424002dfc3f4504a162c
STM32H563VIT3Q,STM32H5,target_config_absent_from_pinned_production_runtime,9ea7f3d647c8ecf6b0f1424002dfc3f4504a162c
STM32H563VIT6,STM32H5,target_config_absent_from_pinned_production_runtime,9ea7f3d647c8ecf6b0f1424002dfc3f4504a162c
STM32H563VIT6TR,STM32H5,target_config_absent_from_pinned_production_runtime,9ea7f3d647c8ecf6b0f1424002dfc3f4504a162c
STM32H563VIT7,STM32H5,target_config_absent_from_pinned_production_runtime,9ea7f3d647c8ecf6b0f1424002dfc3f4504a162c
STM32H563VIT7TR,STM32H5,target_config_absent_from_pinned_production_runtime,9ea7f3d647c8ecf6b0f1424002dfc3f4504a162c
STM32H563ZGT6,STM32H5,target_config_absent_from_pinned_production_runtime,9ea7f3d647c8ecf6b0f1424002dfc3f4504a162c
STM32H563ZGT6TR,STM32H5,target_config_absent_from_pinned_production_runtime,9ea7f3d647c8ecf6b0f1424002dfc3f4504a162c
STM32H563ZGT7,STM32H5,target_config_absent_from_pinned_production_runtime,9ea7f3d647c8ecf6b0f1424002dfc3f4504a162c
STM32H563ZGT7TR,STM32H5,target_config_absent_from_pinned_production_runtime,9ea7f3d647c8ecf6b0f1424002dfc3f4504a162c
STM32H563ZIT3Q,STM32H5,target_config_absent_from_pinned_production_runtime,9ea7f3d647c8ecf6b0f1424002dfc3f4504a162c
STM32H563ZIT3QTR,STM32H5,target_config_absent_from_pinned_production_runtime,9ea7f3d647c8ecf6b0f1424002dfc3f4504a162c
STM32H563ZIT6,STM32H5,target_config_absent_from_pinned_production_runtime,9ea7f3d647c8ecf6b0f1424002dfc3f4504a162c
STM32H563ZIT6TR,STM32H5,target_config_absent_from_pinned_production_runtime,9ea7f3d647c8ecf6b0f1424002dfc3f4504a162c
STM32H573AII3Q,STM32H5,target_config_absent_from_pinned_production_runtime,9ea7f3d647c8ecf6b0f1424002dfc3f4504a162c
STM32H573AII6,STM32H5,target_config_absent_from_pinned_production_runtime,9ea7f3d647c8ecf6b0f1424002dfc3f4504a162c
STM32H573IIK3Q,STM32H5,target_config_absent_from_pinned_production_runtime,9ea7f3d647c8ecf6b0f1424002dfc3f4504a162c
STM32H573IIK3QTR,STM32H5,target_config_absent_from_pinned_production_runtime,9ea7f3d647c8ecf6b0f1424002dfc3f4504a162c
STM32H573IIK6,STM32H5,target_config_absent_from_pinned_production_runtime,9ea7f3d647c8ecf6b0f1424002dfc3f4504a162c
STM32H573IIK6TR,STM32H5,target_config_absent_from_pinned_production_runtime,9ea7f3d647c8ecf6b0f1424002dfc3f4504a162c
STM32H573IIT3Q,STM32H5,target_config_absent_from_pinned_production_runtime,9ea7f3d647c8ecf6b0f1424002dfc3f4504a162c
STM32H573IIT6,STM32H5,target_config_absent_from_pinned_production_runtime,9ea7f3d647c8ecf6b0f1424002dfc3f4504a162c
STM32H573LIH3Q,STM32H5,target_config_absent_from_pinned_production_runtime,9ea7f3d647c8ecf6b0f1424002dfc3f4504a162c
STM32H573LIH3QTR,STM32H5,target_config_absent_from_pinned_production_runtime,9ea7f3d647c8ecf6b0f1424002dfc3f4504a162c
STM32H573MIY3QTR,STM32H5,target_config_absent_from_pinned_production_runtime,9ea7f3d647c8ecf6b0f1424002dfc3f4504a162c
STM32H573RIT6,STM32H5,target_config_absent_from_pinned_production_runtime,9ea7f3d647c8ecf6b0f1424002dfc3f4504a162c
STM32H573RIV6,STM32H5,target_config_absent_from_pinned_production_runtime,9ea7f3d647c8ecf6b0f1424002dfc3f4504a162c
STM32H573RIV6TR,STM32H5,target_config_absent_from_pinned_production_runtime,9ea7f3d647c8ecf6b0f1424002dfc3f4504a162c
STM32H573VIT3Q,STM32H5,target_config_absent_from_pinned_production_runtime,9ea7f3d647c8ecf6b0f1424002dfc3f4504a162c
STM32H573VIT6,STM32H5,target_config_absent_from_pinned_production_runtime,9ea7f3d647c8ecf6b0f1424002dfc3f4504a162c
STM32H573VIT6TR,STM32H5,target_config_absent_from_pinned_production_runtime,9ea7f3d647c8ecf6b0f1424002dfc3f4504a162c
STM32H573VIT7,STM32H5,target_config_absent_from_pinned_production_runtime,9ea7f3d647c8ecf6b0f1424002dfc3f4504a162c
STM32H573ZIT3Q,STM32H5,target_config_absent_from_pinned_production_runtime,9ea7f3d647c8ecf6b0f1424002dfc3f4504a162c
STM32H573ZIT3QTR,STM32H5,target_config_absent_from_pinned_production_runtime,9ea7f3d647c8ecf6b0f1424002dfc3f4504a162c
STM32H573ZIT6,STM32H5,target_config_absent_from_pinned_production_runtime,9ea7f3d647c8ecf6b0f1424002dfc3f4504a162c
STM32H573ZIT6TR,STM32H5,target_config_absent_from_pinned_production_runtime,9ea7f3d647c8ecf6b0f1424002dfc3f4504a162c
STM32H573ZIT7,STM32H5,target_config_absent_from_pinned_production_runtime,9ea7f3d647c8ecf6b0f1424002dfc3f4504a162c
STM32H5E4IJK7Q,STM32H5,target_config_absent_from_pinned_production_runtime,9ea7f3d647c8ecf6b0f1424002dfc3f4504a162c
STM32H5E4IJT6,STM32H5,target_config_absent_from_pinned_production_runtime,9ea7f3d647c8ecf6b0f1424002dfc3f4504a162c
STM32H5E4IJT7Q,STM32H5,target_config_absent_from_pinned_production_runtime,9ea7f3d647c8ecf6b0f1424002dfc3f4504a162c
STM32H5E4IKT6,STM32H5,target_config_absent_from_pinned_production_runtime,9ea7f3d647c8ecf6b0f1424002dfc3f4504a162c
STM32H5E4VJT6,STM32H5,target_config_absent_from_pinned_production_runtime,9ea7f3d647c8ecf6b0f1424002dfc3f4504a162c
STM32H5E4VJT7Q,STM32H5,target_config_absent_from_pinned_production_runtime,9ea7f3d647c8ecf6b0f1424002dfc3f4504a162c
STM32H5E4VKT6,STM32H5,target_config_absent_from_pinned_production_runtime,9ea7f3d647c8ecf6b0f1424002dfc3f4504a162c
STM32H5E4ZJJ6,STM32H5,target_config_absent_from_pinned_production_runtime,9ea7f3d647c8ecf6b0f1424002dfc3f4504a162c
STM32H5E4ZJJ7Q,STM32H5,target_config_absent_from_pinned_production_runtime,9ea7f3d647c8ecf6b0f1424002dfc3f4504a162c
STM32H5E4ZJT6,STM32H5,target_config_absent_from_pinned_production_runtime,9ea7f3d647c8ecf6b0f1424002dfc3f4504a162c
STM32H5E4ZJT7Q,STM32H5,target_config_absent_from_pinned_production_runtime,9ea7f3d647c8ecf6b0f1424002dfc3f4504a162c
STM32H5E4ZKJ6,STM32H5,target_config_absent_from_pinned_production_runtime,9ea7f3d647c8ecf6b0f1424002dfc3f4504a162c
STM32H5E4ZKT6,STM32H5,target_config_absent_from_pinned_production_runtime,9ea7f3d647c8ecf6b0f1424002dfc3f4504a162c
STM32H5E5IJK7Q,STM32H5,target_config_absent_from_pinned_production_runtime,9ea7f3d647c8ecf6b0f1424002dfc3f4504a162c
STM32H5E5IJT7Q,STM32H5,target_config_absent_from_pinned_production_runtime,9ea7f3d647c8ecf6b0f1424002dfc3f4504a162c
STM32H5E5IKK7Q,STM32H5,target_config_absent_from_pinned_production_runtime,9ea7f3d647c8ecf6b0f1424002dfc3f4504a162c
STM32H5E5IKT7Q,STM32H5,target_config_absent_from_pinned_production_runtime,9ea7f3d647c8ecf6b0f1424002dfc3f4504a162c
STM32H5E5LJH7Q,STM32H5,target_config_absent_from_pinned_production_runtime,9ea7f3d647c8ecf6b0f1424002dfc3f4504a162c
STM32H5E5LKH7Q,STM32H5,target_config_absent_from_pinned_production_runtime,9ea7f3d647c8ecf6b0f1424002dfc3f4504a162c
STM32H5E5ZJT6,STM32H5,target_config_absent_from_pinned_production_runtime,9ea7f3d647c8ecf6b0f1424002dfc3f4504a162c
STM32H5E5ZKT6,STM32H5,target_config_absent_from_pinned_production_runtime,9ea7f3d647c8ecf6b0f1424002dfc3f4504a162c
STM32H5E5ZKT6TR,STM32H5,target_config_absent_from_pinned_production_runtime,9ea7f3d647c8ecf6b0f1424002dfc3f4504a162c
STM32H5F4IJK7Q,STM32H5,target_config_absent_from_pinned_production_runtime,9ea7f3d647c8ecf6b0f1424002dfc3f4504a162c
STM32H5F4IJT6,STM32H5,target_config_absent_from_pinned_production_runtime,9ea7f3d647c8ecf6b0f1424002dfc3f4504a162c
STM32H5F4IJT7Q,STM32H5,target_config_absent_from_pinned_production_runtime,9ea7f3d647c8ecf6b0f1424002dfc3f4504a162c
STM32H5F4VJT6,STM32H5,target_config_absent_from_pinned_production_runtime,9ea7f3d647c8ecf6b0f1424002dfc3f4504a162c
STM32H5F4VJT7Q,STM32H5,target_config_absent_from_pinned_production_runtime,9ea7f3d647c8ecf6b0f1424002dfc3f4504a162c
STM32H5F4ZJJ6,STM32H5,target_config_absent_from_pinned_production_runtime,9ea7f3d647c8ecf6b0f1424002dfc3f4504a162c
STM32H5F4ZJJ7Q,STM32H5,target_config_absent_from_pinned_production_runtime,9ea7f3d647c8ecf6b0f1424002dfc3f4504a162c
STM32H5F4ZJT6,STM32H5,target_config_absent_from_pinned_production_runtime,9ea7f3d647c8ecf6b0f1424002dfc3f4504a162c
STM32H5F4ZJT7Q,STM32H5,target_config_absent_from_pinned_production_runtime,9ea7f3d647c8ecf6b0f1424002dfc3f4504a162c
STM32H5F5IJK7Q,STM32H5,target_config_absent_from_pinned_production_runtime,9ea7f3d647c8ecf6b0f1424002dfc3f4504a162c
STM32H5F5IJT7Q,STM32H5,target_config_absent_from_pinned_production_runtime,9ea7f3d647c8ecf6b0f1424002dfc3f4504a162c
STM32H5F5LJH7Q,STM32H5,target_config_absent_from_pinned_production_runtime,9ea7f3d647c8ecf6b0f1424002dfc3f4504a162c
STM32H5F5ZJT6,STM32H5,target_config_absent_from_pinned_production_runtime,9ea7f3d647c8ecf6b0f1424002dfc3f4504a162c
STM32N645A0H3Q,STM32N6,target_config_absent_from_pinned_production_runtime,9ea7f3d647c8ecf6b0f1424002dfc3f4504a162c
STM32N645A0H3QG,STM32N6,target_config_absent_from_pinned_production_runtime,9ea7f3d647c8ecf6b0f1424002dfc3f4504a162c
STM32N645B0H3Q,STM32N6,target_config_absent_from_pinned_production_runtime,9ea7f3d647c8ecf6b0f1424002dfc3f4504a162c
STM32N645I0H3Q,STM32N6,target_config_absent_from_pinned_production_runtime,9ea7f3d647c8ecf6b0f1424002dfc3f4504a162c
STM32N645L0H3Q,STM32N6,target_config_absent_from_pinned_production_runtime,9ea7f3d647c8ecf6b0f1424002dfc3f4504a162c
STM32N645X0H3Q,STM32N6,target_config_absent_from_pinned_production_runtime,9ea7f3d647c8ecf6b0f1424002dfc3f4504a162c
STM32N645Z0H3Q,STM32N6,target_config_absent_from_pinned_production_runtime,9ea7f3d647c8ecf6b0f1424002dfc3f4504a162c
STM32N647A0H3Q,STM32N6,target_config_absent_from_pinned_production_runtime,9ea7f3d647c8ecf6b0f1424002dfc3f4504a162c
STM32N647A0H3QG,STM32N6,target_config_absent_from_pinned_production_runtime,9ea7f3d647c8ecf6b0f1424002dfc3f4504a162c
STM32N647B0H3Q,STM32N6,target_config_absent_from_pinned_production_runtime,9ea7f3d647c8ecf6b0f1424002dfc3f4504a162c
STM32N647I0H3Q,STM32N6,target_config_absent_from_pinned_production_runtime,9ea7f3d647c8ecf6b0f1424002dfc3f4504a162c
STM32N647L0H3Q,STM32N6,target_config_absent_from_pinned_production_runtime,9ea7f3d647c8ecf6b0f1424002dfc3f4504a162c
STM32N647X0H3Q,STM32N6,target_config_absent_from_pinned_production_runtime,9ea7f3d647c8ecf6b0f1424002dfc3f4504a162c
STM32N647Z0H3Q,STM32N6,target_config_absent_from_pinned_production_runtime,9ea7f3d647c8ecf6b0f1424002dfc3f4504a162c
STM32N655A0H3Q,STM32N6,target_config_absent_from_pinned_production_runtime,9ea7f3d647c8ecf6b0f1424002dfc3f4504a162c
STM32N655A0H3QG,STM32N6,target_config_absent_from_pinned_production_runtime,9ea7f3d647c8ecf6b0f1424002dfc3f4504a162c
STM32N655B0H3Q,STM32N6,target_config_absent_from_pinned_production_runtime,9ea7f3d647c8ecf6b0f1424002dfc3f4504a162c
STM32N655I0H3Q,STM32N6,target_config_absent_from_pinned_production_runtime,9ea7f3d647c8ecf6b0f1424002dfc3f4504a162c
STM32N655L0H3Q,STM32N6,target_config_absent_from_pinned_production_runtime,9ea7f3d647c8ecf6b0f1424002dfc3f4504a162c
STM32N655X0H3Q,STM32N6,target_config_absent_from_pinned_production_runtime,9ea7f3d647c8ecf6b0f1424002dfc3f4504a162c
STM32N655Z0H3Q,STM32N6,target_config_absent_from_pinned_production_runtime,9ea7f3d647c8ecf6b0f1424002dfc3f4504a162c
STM32N657A0H3Q,STM32N6,target_config_absent_from_pinned_production_runtime,9ea7f3d647c8ecf6b0f1424002dfc3f4504a162c
STM32N657A0H3QG,STM32N6,target_config_absent_from_pinned_production_runtime,9ea7f3d647c8ecf6b0f1424002dfc3f4504a162c
STM32N657A0H3QTR,STM32N6,target_config_absent_from_pinned_production_runtime,9ea7f3d647c8ecf6b0f1424002dfc3f4504a162c
STM32N657B0H3Q,STM32N6,target_config_absent_from_pinned_production_runtime,9ea7f3d647c8ecf6b0f1424002dfc3f4504a162c
STM32N657I0H3Q,STM32N6,target_config_absent_from_pinned_production_runtime,9ea7f3d647c8ecf6b0f1424002dfc3f4504a162c
STM32N657I0H3QTR,STM32N6,target_config_absent_from_pinned_production_runtime,9ea7f3d647c8ecf6b0f1424002dfc3f4504a162c
STM32N657L0H3Q,STM32N6,target_config_absent_from_pinned_production_runtime,9ea7f3d647c8ecf6b0f1424002dfc3f4504a162c
STM32N657L0H3QTR,STM32N6,target_config_absent_from_pinned_production_runtime,9ea7f3d647c8ecf6b0f1424002dfc3f4504a162c
STM32N657X0H3Q,STM32N6,target_config_absent_from_pinned_production_runtime,9ea7f3d647c8ecf6b0f1424002dfc3f4504a162c
STM32N657Z0H3Q,STM32N6,target_config_absent_from_pinned_production_runtime,9ea7f3d647c8ecf6b0f1424002dfc3f4504a162c
STM32N657Z0H3QTR,STM32N6,target_config_absent_from_pinned_production_runtime,9ea7f3d647c8ecf6b0f1424002dfc3f4504a162c
STM32WB05KNV6TR,STM32WB0,target_config_absent_from_pinned_production_runtime,9ea7f3d647c8ecf6b0f1424002dfc3f4504a162c
STM32WB05KNV7TR,STM32WB0,target_config_absent_from_pinned_production_runtime,9ea7f3d647c8ecf6b0f1424002dfc3f4504a162c
STM32WB05KZV6TR,STM32WB0,target_config_absent_from_pinned_production_runtime,9ea7f3d647c8ecf6b0f1424002dfc3f4504a162c
STM32WB05KZV7TR,STM32WB0,target_config_absent_from_pinned_production_runtime,9ea7f3d647c8ecf6b0f1424002dfc3f4504a162c
STM32WB05TNF6TR,STM32WB0,target_config_absent_from_pinned_production_runtime,9ea7f3d647c8ecf6b0f1424002dfc3f4504a162c
STM32WB05TNF7TR,STM32WB0,target_config_absent_from_pinned_production_runtime,9ea7f3d647c8ecf6b0f1424002dfc3f4504a162c
STM32WB05TZF6TR,STM32WB0,target_config_absent_from_pinned_production_runtime,9ea7f3d647c8ecf6b0f1424002dfc3f4504a162c
STM32WB05TZF7TR,STM32WB0,target_config_absent_from_pinned_production_runtime,9ea7f3d647c8ecf6b0f1424002dfc3f4504a162c
STM32WB06CCF6TR,STM32WB0,target_config_absent_from_pinned_production_runtime,9ea7f3d647c8ecf6b0f1424002dfc3f4504a162c
STM32WB06CCF7TR,STM32WB0,target_config_absent_from_pinned_production_runtime,9ea7f3d647c8ecf6b0f1424002dfc3f4504a162c
STM32WB06CCV6TR,STM32WB0,target_config_absent_from_pinned_production_runtime,9ea7f3d647c8ecf6b0f1424002dfc3f4504a162c
STM32WB06CCV7TR,STM32WB0,target_config_absent_from_pinned_production_runtime,9ea7f3d647c8ecf6b0f1424002dfc3f4504a162c
STM32WB06KCV6TR,STM32WB0,target_config_absent_from_pinned_production_runtime,9ea7f3d647c8ecf6b0f1424002dfc3f4504a162c
STM32WB06KCV7TR,STM32WB0,target_config_absent_from_pinned_production_runtime,9ea7f3d647c8ecf6b0f1424002dfc3f4504a162c
STM32WB07CCF6TR,STM32WB0,target_config_absent_from_pinned_production_runtime,9ea7f3d647c8ecf6b0f1424002dfc3f4504a162c
STM32WB07CCF7TR,STM32WB0,target_config_absent_from_pinned_production_runtime,9ea7f3d647c8ecf6b0f1424002dfc3f4504a162c
STM32WB07CCV6TR,STM32WB0,target_config_absent_from_pinned_production_runtime,9ea7f3d647c8ecf6b0f1424002dfc3f4504a162c
STM32WB07CCV7TR,STM32WB0,target_config_absent_from_pinned_production_runtime,9ea7f3d647c8ecf6b0f1424002dfc3f4504a162c
STM32WB07KCV6TR,STM32WB0,target_config_absent_from_pinned_production_runtime,9ea7f3d647c8ecf6b0f1424002dfc3f4504a162c
STM32WB07KCV7TR,STM32WB0,target_config_absent_from_pinned_production_runtime,9ea7f3d647c8ecf6b0f1424002dfc3f4504a162c
STM32WB09KEV6TR,STM32WB0,target_config_absent_from_pinned_production_runtime,9ea7f3d647c8ecf6b0f1424002dfc3f4504a162c
STM32WB09KEV7TR,STM32WB0,target_config_absent_from_pinned_production_runtime,9ea7f3d647c8ecf6b0f1424002dfc3f4504a162c
STM32WB09TEF6TR,STM32WB0,target_config_absent_from_pinned_production_runtime,9ea7f3d647c8ecf6b0f1424002dfc3f4504a162c
STM32WB09TEF7TR,STM32WB0,target_config_absent_from_pinned_production_runtime,9ea7f3d647c8ecf6b0f1424002dfc3f4504a162c
STM32WL30K8V6,STM32WL3,target_config_absent_from_pinned_production_runtime,9ea7f3d647c8ecf6b0f1424002dfc3f4504a162c
STM32WL30KBV6,STM32WL3,target_config_absent_from_pinned_production_runtime,9ea7f3d647c8ecf6b0f1424002dfc3f4504a162c
STM32WL31C8V6,STM32WL3,target_config_absent_from_pinned_production_runtime,9ea7f3d647c8ecf6b0f1424002dfc3f4504a162c
STM32WL31CBV6,STM32WL3,target_config_absent_from_pinned_production_runtime,9ea7f3d647c8ecf6b0f1424002dfc3f4504a162c
STM32WL31K8V6,STM32WL3,target_config_absent_from_pinned_production_runtime,9ea7f3d647c8ecf6b0f1424002dfc3f4504a162c
STM32WL31KBV6,STM32WL3,target_config_absent_from_pinned_production_runtime,9ea7f3d647c8ecf6b0f1424002dfc3f4504a162c
STM32WL33C8V6,STM32WL3,target_config_absent_from_pinned_production_runtime,9ea7f3d647c8ecf6b0f1424002dfc3f4504a162c
STM32WL33C8V6TR,STM32WL3,target_config_absent_from_pinned_production_runtime,9ea7f3d647c8ecf6b0f1424002dfc3f4504a162c
STM32WL33C8V6X,STM32WL3,target_config_absent_from_pinned_production_runtime,9ea7f3d647c8ecf6b0f1424002dfc3f4504a162c
STM32WL33C8V7,STM32WL3,target_config_absent_from_pinned_production_runtime,9ea7f3d647c8ecf6b0f1424002dfc3f4504a162c
STM32WL33C8V7TR,STM32WL3,target_config_absent_from_pinned_production_runtime,9ea7f3d647c8ecf6b0f1424002dfc3f4504a162c
STM32WL33CBV6,STM32WL3,target_config_absent_from_pinned_production_runtime,9ea7f3d647c8ecf6b0f1424002dfc3f4504a162c
STM32WL33CBV6TR,STM32WL3,target_config_absent_from_pinned_production_runtime,9ea7f3d647c8ecf6b0f1424002dfc3f4504a162c
STM32WL33CBV6X,STM32WL3,target_config_absent_from_pinned_production_runtime,9ea7f3d647c8ecf6b0f1424002dfc3f4504a162c
STM32WL33CBV7,STM32WL3,target_config_absent_from_pinned_production_runtime,9ea7f3d647c8ecf6b0f1424002dfc3f4504a162c
STM32WL33CBV7TR,STM32WL3,target_config_absent_from_pinned_production_runtime,9ea7f3d647c8ecf6b0f1424002dfc3f4504a162c
STM32WL33CCV6,STM32WL3,target_config_absent_from_pinned_production_runtime,9ea7f3d647c8ecf6b0f1424002dfc3f4504a162c
STM32WL33CCV6A,STM32WL3,target_config_absent_from_pinned_production_runtime,9ea7f3d647c8ecf6b0f1424002dfc3f4504a162c
STM32WL33CCV6ATR,STM32WL3,target_config_absent_from_pinned_production_runtime,9ea7f3d647c8ecf6b0f1424002dfc3f4504a162c
STM32WL33CCV6TR,STM32WL3,target_config_absent_from_pinned_production_runtime,9ea7f3d647c8ecf6b0f1424002dfc3f4504a162c
STM32WL33CCV7,STM32WL3,target_config_absent_from_pinned_production_runtime,9ea7f3d647c8ecf6b0f1424002dfc3f4504a162c
STM32WL33CCV7A,STM32WL3,target_config_absent_from_pinned_production_runtime,9ea7f3d647c8ecf6b0f1424002dfc3f4504a162c
STM32WL33CCV7ATR,STM32WL3,target_config_absent_from_pinned_production_runtime,9ea7f3d647c8ecf6b0f1424002dfc3f4504a162c
STM32WL33CCV7TR,STM32WL3,target_config_absent_from_pinned_production_runtime,9ea7f3d647c8ecf6b0f1424002dfc3f4504a162c
STM32WL33K8V6,STM32WL3,target_config_absent_from_pinned_production_runtime,9ea7f3d647c8ecf6b0f1424002dfc3f4504a162c
STM32WL33K8V6TR,STM32WL3,target_config_absent_from_pinned_production_runtime,9ea7f3d647c8ecf6b0f1424002dfc3f4504a162c
STM32WL33K8V6X,STM32WL3,target_config_absent_from_pinned_production_runtime,9ea7f3d647c8ecf6b0f1424002dfc3f4504a162c
STM32WL33K8V6XTR,STM32WL3,target_config_absent_from_pinned_production_runtime,9ea7f3d647c8ecf6b0f1424002dfc3f4504a162c
STM32WL33K8V7,STM32WL3,target_config_absent_from_pinned_production_runtime,9ea7f3d647c8ecf6b0f1424002dfc3f4504a162c
STM32WL33K8V7TR,STM32WL3,target_config_absent_from_pinned_production_runtime,9ea7f3d647c8ecf6b0f1424002dfc3f4504a162c
STM32WL33KBV6,STM32WL3,target_config_absent_from_pinned_production_runtime,9ea7f3d647c8ecf6b0f1424002dfc3f4504a162c
STM32WL33KBV6TR,STM32WL3,target_config_absent_from_pinned_production_runtime,9ea7f3d647c8ecf6b0f1424002dfc3f4504a162c
STM32WL33KBV6X,STM32WL3,target_config_absent_from_pinned_production_runtime,9ea7f3d647c8ecf6b0f1424002dfc3f4504a162c
STM32WL33KBV7,STM32WL3,target_config_absent_from_pinned_production_runtime,9ea7f3d647c8ecf6b0f1424002dfc3f4504a162c
STM32WL33KBV7TR,STM32WL3,target_config_absent_from_pinned_production_runtime,9ea7f3d647c8ecf6b0f1424002dfc3f4504a162c
STM32WL33KCV6,STM32WL3,target_config_absent_from_pinned_production_runtime,9ea7f3d647c8ecf6b0f1424002dfc3f4504a162c
STM32WL33KCV6A,STM32WL3,target_config_absent_from_pinned_production_runtime,9ea7f3d647c8ecf6b0f1424002dfc3f4504a162c
STM32WL33KCV6ATR,STM32WL3,target_config_absent_from_pinned_production_runtime,9ea7f3d647c8ecf6b0f1424002dfc3f4504a162c
STM32WL33KCV6TR,STM32WL3,target_config_absent_from_pinned_production_runtime,9ea7f3d647c8ecf6b0f1424002dfc3f4504a162c
STM32WL33KCV6X,STM32WL3,target_config_absent_from_pinned_production_runtime,9ea7f3d647c8ecf6b0f1424002dfc3f4504a162c
STM32WL33KCV7,STM32WL3,target_config_absent_from_pinned_production_runtime,9ea7f3d647c8ecf6b0f1424002dfc3f4504a162c
STM32WL33KCV7TR,STM32WL3,target_config_absent_from_pinned_production_runtime,9ea7f3d647c8ecf6b0f1424002dfc3f4504a162c
STM32WL3RK8V6,STM32WL3,target_config_absent_from_pinned_production_runtime,9ea7f3d647c8ecf6b0f1424002dfc3f4504a162c
STM32WL3RK8V6TR,STM32WL3,target_config_absent_from_pinned_production_runtime,9ea7f3d647c8ecf6b0f1424002dfc3f4504a162c
STM32WL3RK8V6X,STM32WL3,target_config_absent_from_pinned_production_runtime,9ea7f3d647c8ecf6b0f1424002dfc3f4504a162c
STM32WL3RKBV6,STM32WL3,target_config_absent_from_pinned_production_runtime,9ea7f3d647c8ecf6b0f1424002dfc3f4504a162c
STM32WL3RKBV6X,STM32WL3,target_config_absent_from_pinned_production_runtime,9ea7f3d647c8ecf6b0f1424002dfc3f4504a162c
