icpn,family,authority,existing_identifier_kind,existing_identifier,cmsis_device_name,openocd_target_config,mapping_status
STM32C051K8U3,STM32C0,v6.12_c0_bounded_identifier_bridge,ordering_pattern,STM32C051K8Tx,,tcl/target/stm32c0x.cfg,deterministic_ordering_pattern
STM32C051K8U3TR,STM32C0,v6.12_c0_bounded_identifier_bridge,ordering_pattern,STM32C051K8Tx,,tcl/target/stm32c0x.cfg,deterministic_ordering_pattern
STM32C051K8U6,STM32C0,v6.12_c0_bounded_identifier_bridge,ordering_pattern,STM32C051K8Tx,,tcl/target/stm32c0x.cfg,deterministic_ordering_pattern
STM32C051K8U6TR,STM32C0,v6.12_c0_bounded_identifier_bridge,ordering_pattern,STM32C051K8Tx,,tcl/target/stm32c0x.cfg,deterministic_ordering_pattern
STM32C051K8U7,STM32C0,v6.12_c0_bounded_identifier_bridge,ordering_pattern,STM32C051K8Tx,,tcl/target/stm32c0x.cfg,deterministic_ordering_pattern
STM32C051K8U7TR,STM32C0,v6.12_c0_bounded_identifier_bridge,ordering_pattern,STM32C051K8Tx,,tcl/target/stm32c0x.cfg,deterministic_ordering_pattern
STM32C071FBY6TR,STM32C0,v6.12_c0_bounded_identifier_bridge,ordering_pattern,STM32C071FBPx,,tcl/target/stm32c0x.cfg,deterministic_ordering_pattern
STM32C071R8I6N,STM32C0,v6.12_c0_bounded_identifier_bridge,ordering_pattern,STM32C071R8Tx,,tcl/target/stm32c0x.cfg,deterministic_ordering_pattern
STM32C071RBI6N,STM32C0,v6.12_c0_bounded_identifier_bridge,ordering_pattern,STM32C071RBTx,,tcl/target/stm32c0x.cfg,deterministic_ordering_pattern
STM32C091KBT3,STM32C0,v6.5_identifier_qualification,ordering_pattern,STM32C091KBTx,,tcl/target/stm32c0x.cfg,deterministic_ordering_pattern
STM32C091RBI6,STM32C0,v6.12_c0_bounded_identifier_bridge,ordering_pattern,STM32C091RBTx,,tcl/target/stm32c0x.cfg,deterministic_ordering_pattern
STM32C092RBI6,STM32C0,v6.12_c0_bounded_identifier_bridge,ordering_pattern,STM32C092RBTx,,tcl/target/stm32c0x.cfg,deterministic_ordering_pattern
STM32F205RFT6,STM32F2,v6.5_identifier_qualification,ordering_pattern,STM32F205RFTx,,tcl/target/stm32f2x.cfg,deterministic_ordering_pattern
STM32F205RFT6TR,STM32F2,v6.5_identifier_qualification,ordering_pattern,STM32F205RFTx,,tcl/target/stm32f2x.cfg,deterministic_ordering_pattern
STM32F205RGT6,STM32F2,v6.5_identifier_qualification,ordering_pattern,STM32F205RGTx,,tcl/target/stm32f2x.cfg,deterministic_ordering_pattern
STM32F205RGT6TR,STM32F2,v6.5_identifier_qualification,ordering_pattern,STM32F205RGTx,,tcl/target/stm32f2x.cfg,deterministic_ordering_pattern
STM32F205RGT7,STM32F2,v6.5_identifier_qualification,ordering_pattern,STM32F205RGTx,,tcl/target/stm32f2x.cfg,deterministic_ordering_pattern
STM32F205RGY6TR,STM32F2,v6.5_identifier_qualification,ordering_pattern,STM32F205RGYx,,tcl/target/stm32f2x.cfg,deterministic_ordering_pattern
STM32F205VBT6,STM32F2,v6.5_identifier_qualification,ordering_pattern,STM32F205VBTx,,tcl/target/stm32f2x.cfg,deterministic_ordering_pattern
STM32F205VBT6TR,STM32F2,v6.5_identifier_qualification,ordering_pattern,STM32F205VBTx,,tcl/target/stm32f2x.cfg,deterministic_ordering_pattern
STM32F205VCT6,STM32F2,v6.5_identifier_qualification,ordering_pattern,STM32F205VCTx,,tcl/target/stm32f2x.cfg,deterministic_ordering_pattern
STM32F205VCT6TR,STM32F2,v6.5_identifier_qualification,ordering_pattern,STM32F205VCTx,,tcl/target/stm32f2x.cfg,deterministic_ordering_pattern
STM32F205VCT7,STM32F2,v6.5_identifier_qualification,ordering_pattern,STM32F205VCTx,,tcl/target/stm32f2x.cfg,deterministic_ordering_pattern
STM32F205VCT7TR,STM32F2,v6.5_identifier_qualification,ordering_pattern,STM32F205VCTx,,tcl/target/stm32f2x.cfg,deterministic_ordering_pattern
STM32F205VET6,STM32F2,v6.5_identifier_qualification,ordering_pattern,STM32F205VETx,,tcl/target/stm32f2x.cfg,deterministic_ordering_pattern
STM32F205VET6TR,STM32F2,v6.5_identifier_qualification,ordering_pattern,STM32F205VETx,,tcl/target/stm32f2x.cfg,deterministic_ordering_pattern
STM32F205VET7,STM32F2,v6.5_identifier_qualification,ordering_pattern,STM32F205VETx,,tcl/target/stm32f2x.cfg,deterministic_ordering_pattern
STM32F205VET7TR,STM32F2,v6.5_identifier_qualification,ordering_pattern,STM32F205VETx,,tcl/target/stm32f2x.cfg,deterministic_ordering_pattern
STM32F205VFT6,STM32F2,v6.5_identifier_qualification,ordering_pattern,STM32F205VFTx,,tcl/target/stm32f2x.cfg,deterministic_ordering_pattern
STM32F205VFT6TR,STM32F2,v6.5_identifier_qualification,ordering_pattern,STM32F205VFTx,,tcl/target/stm32f2x.cfg,deterministic_ordering_pattern
STM32F205VGT6,STM32F2,v6.5_identifier_qualification,ordering_pattern,STM32F205VGTx,,tcl/target/stm32f2x.cfg,deterministic_ordering_pattern
STM32F205VGT6TR,STM32F2,v6.5_identifier_qualification,ordering_pattern,STM32F205VGTx,,tcl/target/stm32f2x.cfg,deterministic_ordering_pattern
STM32F205VGT7,STM32F2,v6.5_identifier_qualification,ordering_pattern,STM32F205VGTx,,tcl/target/stm32f2x.cfg,deterministic_ordering_pattern
STM32F205VGT7TR,STM32F2,v6.5_identifier_qualification,ordering_pattern,STM32F205VGTx,,tcl/target/stm32f2x.cfg,deterministic_ordering_pattern
STM32F205ZCT6,STM32F2,v6.5_identifier_qualification,ordering_pattern,STM32F205ZCTx,,tcl/target/stm32f2x.cfg,deterministic_ordering_pattern
STM32F205ZCT6TR,STM32F2,v6.5_identifier_qualification,ordering_pattern,STM32F205ZCTx,,tcl/target/stm32f2x.cfg,deterministic_ordering_pattern
STM32F205ZCT7,STM32F2,v6.5_identifier_qualification,ordering_pattern,STM32F205ZCTx,,tcl/target/stm32f2x.cfg,deterministic_ordering_pattern
STM32F205ZCT7TR,STM32F2,v6.5_identifier_qualification,ordering_pattern,STM32F205ZCTx,,tcl/target/stm32f2x.cfg,deterministic_ordering_pattern
STM32F205ZET6,STM32F2,v6.5_identifier_qualification,ordering_pattern,STM32F205ZETx,,tcl/target/stm32f2x.cfg,deterministic_ordering_pattern
STM32F205ZET6TR,STM32F2,v6.5_identifier_qualification,ordering_pattern,STM32F205ZETx,,tcl/target/stm32f2x.cfg,deterministic_ordering_pattern
STM32F205ZET7,STM32F2,v6.5_identifier_qualification,ordering_pattern,STM32F205ZETx,,tcl/target/stm32f2x.cfg,deterministic_ordering_pattern
STM32F205ZET7TR,STM32F2,v6.5_identifier_qualification,ordering_pattern,STM32F205ZETx,,tcl/target/stm32f2x.cfg,deterministic_ordering_pattern
STM32F205ZFT6,STM32F2,v6.5_identifier_qualification,ordering_pattern,STM32F205ZFTx,,tcl/target/stm32f2x.cfg,deterministic_ordering_pattern
STM32F205ZGT6,STM32F2,v6.5_identifier_qualification,ordering_pattern,STM32F205ZGTx,,tcl/target/stm32f2x.cfg,deterministic_ordering_pattern
STM32F205ZGT6TR,STM32F2,v6.5_identifier_qualification,ordering_pattern,STM32F205ZGTx,,tcl/target/stm32f2x.cfg,deterministic_ordering_pattern
STM32F205ZGT7,STM32F2,v6.5_identifier_qualification,ordering_pattern,STM32F205ZGTx,,tcl/target/stm32f2x.cfg,deterministic_ordering_pattern
STM32F205ZGT7TR,STM32F2,v6.5_identifier_qualification,ordering_pattern,STM32F205ZGTx,,tcl/target/stm32f2x.cfg,deterministic_ordering_pattern
STM32F207IGH6,STM32F2,v6.5_identifier_qualification,ordering_pattern,STM32F207IGHx,,tcl/target/stm32f2x.cfg,deterministic_ordering_pattern
STM32F207IGH6TR,STM32F2,v6.5_identifier_qualification,ordering_pattern,STM32F207IGHx,,tcl/target/stm32f2x.cfg,deterministic_ordering_pattern
STM32F207IGH7,STM32F2,v6.5_identifier_qualification,ordering_pattern,STM32F207IGHx,,tcl/target/stm32f2x.cfg,deterministic_ordering_pattern
STM32F207IGT6,STM32F2,v6.5_identifier_qualification,ordering_pattern,STM32F207IGTx,,tcl/target/stm32f2x.cfg,deterministic_ordering_pattern
STM32F207IGT6TR,STM32F2,v6.5_identifier_qualification,ordering_pattern,STM32F207IGTx,,tcl/target/stm32f2x.cfg,deterministic_ordering_pattern
STM32F207IGT7,STM32F2,v6.5_identifier_qualification,ordering_pattern,STM32F207IGTx,,tcl/target/stm32f2x.cfg,deterministic_ordering_pattern
STM32F207VCT6,STM32F2,v6.5_identifier_qualification,ordering_pattern,STM32F207VCTx,,tcl/target/stm32f2x.cfg,deterministic_ordering_pattern
STM32F207VCT6TR,STM32F2,v6.5_identifier_qualification,ordering_pattern,STM32F207VCTx,,tcl/target/stm32f2x.cfg,deterministic_ordering_pattern
STM32F207VCT7,STM32F2,v6.5_identifier_qualification,ordering_pattern,STM32F207VCTx,,tcl/target/stm32f2x.cfg,deterministic_ordering_pattern
STM32F207VET6,STM32F2,v6.5_identifier_qualification,ordering_pattern,STM32F207VETx,,tcl/target/stm32f2x.cfg,deterministic_ordering_pattern
STM32F207VET6TR,STM32F2,v6.5_identifier_qualification,ordering_pattern,STM32F207VETx,,tcl/target/stm32f2x.cfg,deterministic_ordering_pattern
STM32F207VFT6,STM32F2,v6.5_identifier_qualification,ordering_pattern,STM32F207VFTx,,tcl/target/stm32f2x.cfg,deterministic_ordering_pattern
STM32F207VFT6TR,STM32F2,v6.5_identifier_qualification,ordering_pattern,STM32F207VFTx,,tcl/target/stm32f2x.cfg,deterministic_ordering_pattern
STM32F207VGT6,STM32F2,v6.5_identifier_qualification,ordering_pattern,STM32F207VGTx,,tcl/target/stm32f2x.cfg,deterministic_ordering_pattern
STM32F207VGT6TR,STM32F2,v6.5_identifier_qualification,ordering_pattern,STM32F207VGTx,,tcl/target/stm32f2x.cfg,deterministic_ordering_pattern
STM32F207VGT7,STM32F2,v6.5_identifier_qualification,ordering_pattern,STM32F207VGTx,,tcl/target/stm32f2x.cfg,deterministic_ordering_pattern
STM32F207ZCT6,STM32F2,v6.5_identifier_qualification,ordering_pattern,STM32F207ZCTx,,tcl/target/stm32f2x.cfg,deterministic_ordering_pattern
STM32F207ZCT7,STM32F2,v6.5_identifier_qualification,ordering_pattern,STM32F207ZCTx,,tcl/target/stm32f2x.cfg,deterministic_ordering_pattern
STM32F207ZCT7TR,STM32F2,v6.5_identifier_qualification,ordering_pattern,STM32F207ZCTx,,tcl/target/stm32f2x.cfg,deterministic_ordering_pattern
STM32F207ZET6,STM32F2,v6.5_identifier_qualification,ordering_pattern,STM32F207ZETx,,tcl/target/stm32f2x.cfg,deterministic_ordering_pattern
STM32F207ZET6TR,STM32F2,v6.5_identifier_qualification,ordering_pattern,STM32F207ZETx,,tcl/target/stm32f2x.cfg,deterministic_ordering_pattern
STM32F207ZFT6,STM32F2,v6.5_identifier_qualification,ordering_pattern,STM32F207ZFTx,,tcl/target/stm32f2x.cfg,deterministic_ordering_pattern
STM32F207ZGT6,STM32F2,v6.5_identifier_qualification,ordering_pattern,STM32F207ZGTx,,tcl/target/stm32f2x.cfg,deterministic_ordering_pattern
STM32F207ZGT6TR,STM32F2,v6.5_identifier_qualification,ordering_pattern,STM32F207ZGTx,,tcl/target/stm32f2x.cfg,deterministic_ordering_pattern
STM32F207ZGT7,STM32F2,v6.5_identifier_qualification,ordering_pattern,STM32F207ZGTx,,tcl/target/stm32f2x.cfg,deterministic_ordering_pattern
STM32F215VGT6,STM32F2,v6.5_identifier_qualification,ordering_pattern,STM32F215VGTx,,tcl/target/stm32f2x.cfg,deterministic_ordering_pattern
STM32F215VGT7,STM32F2,v6.5_identifier_qualification,ordering_pattern,STM32F215VGTx,,tcl/target/stm32f2x.cfg,deterministic_ordering_pattern
STM32F215ZET6,STM32F2,v6.5_identifier_qualification,ordering_pattern,STM32F215ZETx,,tcl/target/stm32f2x.cfg,deterministic_ordering_pattern
STM32F215ZET6TR,STM32F2,v6.5_identifier_qualification,ordering_pattern,STM32F215ZETx,,tcl/target/stm32f2x.cfg,deterministic_ordering_pattern
STM32F215ZGT6,STM32F2,v6.5_identifier_qualification,ordering_pattern,STM32F215ZGTx,,tcl/target/stm32f2x.cfg,deterministic_ordering_pattern
STM32F215ZGT7,STM32F2,v6.5_identifier_qualification,ordering_pattern,STM32F215ZGTx,,tcl/target/stm32f2x.cfg,deterministic_ordering_pattern
STM32F215ZGT7TR,STM32F2,v6.5_identifier_qualification,ordering_pattern,STM32F215ZGTx,,tcl/target/stm32f2x.cfg,deterministic_ordering_pattern
STM32F217VGT6,STM32F2,v6.5_identifier_qualification,ordering_pattern,STM32F217VGTx,,tcl/target/stm32f2x.cfg,deterministic_ordering_pattern
STM32F217VGT6TR,STM32F2,v6.5_identifier_qualification,ordering_pattern,STM32F217VGTx,,tcl/target/stm32f2x.cfg,deterministic_ordering_pattern
STM32F217ZET6,STM32F2,v6.5_identifier_qualification,ordering_pattern,STM32F217ZETx,,tcl/target/stm32f2x.cfg,deterministic_ordering_pattern
STM32F217ZET7,STM32F2,v6.5_identifier_qualification,ordering_pattern,STM32F217ZETx,,tcl/target/stm32f2x.cfg,deterministic_ordering_pattern
STM32F217ZGT6,STM32F2,v6.5_identifier_qualification,ordering_pattern,STM32F217ZGTx,,tcl/target/stm32f2x.cfg,deterministic_ordering_pattern
STM32F301C8T6,STM32F3,v6.5_identifier_qualification,ordering_pattern,STM32F301C8Tx,,tcl/target/stm32f3x.cfg,deterministic_ordering_pattern
STM32F301C8T6TR,STM32F3,v6.5_identifier_qualification,ordering_pattern,STM32F301C8Tx,,tcl/target/stm32f3x.cfg,deterministic_ordering_pattern
STM32F301C8T7,STM32F3,v6.5_identifier_qualification,ordering_pattern,STM32F301C8Tx,,tcl/target/stm32f3x.cfg,deterministic_ordering_pattern
STM32F301C8T7TR,STM32F3,v6.5_identifier_qualification,ordering_pattern,STM32F301C8Tx,,tcl/target/stm32f3x.cfg,deterministic_ordering_pattern
STM32F301C8Y6TR,STM32F3,v6.5_identifier_qualification,ordering_pattern,STM32F301C8Yx,,tcl/target/stm32f3x.cfg,deterministic_ordering_pattern
STM32F301K6U6,STM32F3,v6.5_identifier_qualification,ordering_pattern,STM32F301K6Ux,,tcl/target/stm32f3x.cfg,deterministic_ordering_pattern
STM32F301K6U6TR,STM32F3,v6.5_identifier_qualification,ordering_pattern,STM32F301K6Ux,,tcl/target/stm32f3x.cfg,deterministic_ordering_pattern
STM32F301K6U7,STM32F3,v6.5_identifier_qualification,ordering_pattern,STM32F301K6Ux,,tcl/target/stm32f3x.cfg,deterministic_ordering_pattern
STM32F301K6U7TR,STM32F3,v6.5_identifier_qualification,ordering_pattern,STM32F301K6Ux,,tcl/target/stm32f3x.cfg,deterministic_ordering_pattern
STM32F301K8T6,STM32F3,v6.5_identifier_qualification,ordering_pattern,STM32F301K8Tx,,tcl/target/stm32f3x.cfg,deterministic_ordering_pattern
STM32F301K8T6TR,STM32F3,v6.5_identifier_qualification,ordering_pattern,STM32F301K8Tx,,tcl/target/stm32f3x.cfg,deterministic_ordering_pattern
STM32F301K8T7,STM32F3,v6.5_identifier_qualification,ordering_pattern,STM32F301K8Tx,,tcl/target/stm32f3x.cfg,deterministic_ordering_pattern
STM32F301K8U6,STM32F3,v6.5_identifier_qualification,ordering_pattern,STM32F301K8Ux,,tcl/target/stm32f3x.cfg,deterministic_ordering_pattern
STM32F301K8U6TR,STM32F3,v6.5_identifier_qualification,ordering_pattern,STM32F301K8Ux,,tcl/target/stm32f3x.cfg,deterministic_ordering_pattern
STM32F301K8U7,STM32F3,v6.5_identifier_qualification,ordering_pattern,STM32F301K8Ux,,tcl/target/stm32f3x.cfg,deterministic_ordering_pattern
STM32F301K8U7TR,STM32F3,v6.5_identifier_qualification,ordering_pattern,STM32F301K8Ux,,tcl/target/stm32f3x.cfg,deterministic_ordering_pattern
STM32F301R6T6,STM32F3,v6.5_identifier_qualification,ordering_pattern,STM32F301R6Tx,,tcl/target/stm32f3x.cfg,deterministic_ordering_pattern
STM32F301R8T6,STM32F3,v6.5_identifier_qualification,ordering_pattern,STM32F301R8Tx,,tcl/target/stm32f3x.cfg,deterministic_ordering_pattern
STM32F302C8T6,STM32F3,v6.5_identifier_qualification,ordering_pattern,STM32F302C8Tx,,tcl/target/stm32f3x.cfg,deterministic_ordering_pattern
STM32F302C8T7,STM32F3,v6.5_identifier_qualification,ordering_pattern,STM32F302C8Tx,,tcl/target/stm32f3x.cfg,deterministic_ordering_pattern
STM32F302C8T7TR,STM32F3,v6.5_identifier_qualification,ordering_pattern,STM32F302C8Tx,,tcl/target/stm32f3x.cfg,deterministic_ordering_pattern
STM32F302C8Y6TR,STM32F3,v6.5_identifier_qualification,ordering_pattern,STM32F302C8Yx,,tcl/target/stm32f3x.cfg,deterministic_ordering_pattern
STM32F302CBT6,STM32F3,v6.5_identifier_qualification,ordering_pattern,STM32F302CBTx,,tcl/target/stm32f3x.cfg,deterministic_ordering_pattern
STM32F302CBT6TR,STM32F3,v6.5_identifier_qualification,ordering_pattern,STM32F302CBTx,,tcl/target/stm32f3x.cfg,deterministic_ordering_pattern
STM32F302CBT7,STM32F3,v6.5_identifier_qualification,ordering_pattern,STM32F302CBTx,,tcl/target/stm32f3x.cfg,deterministic_ordering_pattern
STM32F302CCT6,STM32F3,v6.5_identifier_qualification,ordering_pattern,STM32F302CCTx,,tcl/target/stm32f3x.cfg,deterministic_ordering_pattern
STM32F302CCT6TR,STM32F3,v6.5_identifier_qualification,ordering_pattern,STM32F302CCTx,,tcl/target/stm32f3x.cfg,deterministic_ordering_pattern
STM32F302CCT7,STM32F3,v6.5_identifier_qualification,ordering_pattern,STM32F302CCTx,,tcl/target/stm32f3x.cfg,deterministic_ordering_pattern
STM32F302K6U6,STM32F3,v6.5_identifier_qualification,ordering_pattern,STM32F302K6Ux,,tcl/target/stm32f3x.cfg,deterministic_ordering_pattern
STM32F302K8U6,STM32F3,v6.5_identifier_qualification,ordering_pattern,STM32F302K8Ux,,tcl/target/stm32f3x.cfg,deterministic_ordering_pattern
STM32F302K8U6TR,STM32F3,v6.5_identifier_qualification,ordering_pattern,STM32F302K8Ux,,tcl/target/stm32f3x.cfg,deterministic_ordering_pattern
STM32F302K8U7,STM32F3,v6.5_identifier_qualification,ordering_pattern,STM32F302K8Ux,,tcl/target/stm32f3x.cfg,deterministic_ordering_pattern
STM32F302R6T6,STM32F3,v6.5_identifier_qualification,ordering_pattern,STM32F302R6Tx,,tcl/target/stm32f3x.cfg,deterministic_ordering_pattern
STM32F302R6T6TR,STM32F3,v6.5_identifier_qualification,ordering_pattern,STM32F302R6Tx,,tcl/target/stm32f3x.cfg,deterministic_ordering_pattern
STM32F302R8T6,STM32F3,v6.5_identifier_qualification,ordering_pattern,STM32F302R8Tx,,tcl/target/stm32f3x.cfg,deterministic_ordering_pattern
STM32F302R8T6TR,STM32F3,v6.5_identifier_qualification,ordering_pattern,STM32F302R8Tx,,tcl/target/stm32f3x.cfg,deterministic_ordering_pattern
STM32F302R8T7,STM32F3,v6.5_identifier_qualification,ordering_pattern,STM32F302R8Tx,,tcl/target/stm32f3x.cfg,deterministic_ordering_pattern
STM32F302RBT6,STM32F3,v6.5_identifier_qualification,ordering_pattern,STM32F302RBTx,,tcl/target/stm32f3x.cfg,deterministic_ordering_pattern
STM32F302RBT6TR,STM32F3,v6.5_identifier_qualification,ordering_pattern,STM32F302RBTx,,tcl/target/stm32f3x.cfg,deterministic_ordering_pattern
STM32F302RBT7,STM32F3,v6.5_identifier_qualification,ordering_pattern,STM32F302RBTx,,tcl/target/stm32f3x.cfg,deterministic_ordering_pattern
STM32F302RBT7TR,STM32F3,v6.5_identifier_qualification,ordering_pattern,STM32F302RBTx,,tcl/target/stm32f3x.cfg,deterministic_ordering_pattern
STM32F302RCT6,STM32F3,v6.5_identifier_qualification,ordering_pattern,STM32F302RCTx,,tcl/target/stm32f3x.cfg,deterministic_ordering_pattern
STM32F302RCT6TR,STM32F3,v6.5_identifier_qualification,ordering_pattern,STM32F302RCTx,,tcl/target/stm32f3x.cfg,deterministic_ordering_pattern
STM32F302RCT7,STM32F3,v6.5_identifier_qualification,ordering_pattern,STM32F302RCTx,,tcl/target/stm32f3x.cfg,deterministic_ordering_pattern
STM32F302RCT7TR,STM32F3,v6.5_identifier_qualification,ordering_pattern,STM32F302RCTx,,tcl/target/stm32f3x.cfg,deterministic_ordering_pattern
STM32F302RDT6,STM32F3,v6.5_identifier_qualification,ordering_pattern,STM32F302RDTx,,tcl/target/stm32f3x.cfg,deterministic_ordering_pattern
STM32F302RDT6TR,STM32F3,v6.5_identifier_qualification,ordering_pattern,STM32F302RDTx,,tcl/target/stm32f3x.cfg,deterministic_ordering_pattern
STM32F302RDT7,STM32F3,v6.5_identifier_qualification,ordering_pattern,STM32F302RDTx,,tcl/target/stm32f3x.cfg,deterministic_ordering_pattern
STM32F302RDT7TR,STM32F3,v6.5_identifier_qualification,ordering_pattern,STM32F302RDTx,,tcl/target/stm32f3x.cfg,deterministic_ordering_pattern
STM32F302RET6,STM32F3,v6.5_identifier_qualification,ordering_pattern,STM32F302RETx,,tcl/target/stm32f3x.cfg,deterministic_ordering_pattern
STM32F302RET6TR,STM32F3,v6.5_identifier_qualification,ordering_pattern,STM32F302RETx,,tcl/target/stm32f3x.cfg,deterministic_ordering_pattern
STM32F302RET7,STM32F3,v6.5_identifier_qualification,ordering_pattern,STM32F302RETx,,tcl/target/stm32f3x.cfg,deterministic_ordering_pattern
STM32F302RET7TR,STM32F3,v6.5_identifier_qualification,ordering_pattern,STM32F302RETx,,tcl/target/stm32f3x.cfg,deterministic_ordering_pattern
STM32F302VBT6,STM32F3,v6.5_identifier_qualification,ordering_pattern,STM32F302VBTx,,tcl/target/stm32f3x.cfg,deterministic_ordering_pattern
STM32F302VBT6TR,STM32F3,v6.5_identifier_qualification,ordering_pattern,STM32F302VBTx,,tcl/target/stm32f3x.cfg,deterministic_ordering_pattern
STM32F302VCT6,STM32F3,v6.5_identifier_qualification,ordering_pattern,STM32F302VCTx,,tcl/target/stm32f3x.cfg,deterministic_ordering_pattern
STM32F302VCT6TR,STM32F3,v6.5_identifier_qualification,ordering_pattern,STM32F302VCTx,,tcl/target/stm32f3x.cfg,deterministic_ordering_pattern
STM32F302VCT7,STM32F3,v6.5_identifier_qualification,ordering_pattern,STM32F302VCTx,,tcl/target/stm32f3x.cfg,deterministic_ordering_pattern
STM32F302VCT7TR,STM32F3,v6.5_identifier_qualification,ordering_pattern,STM32F302VCTx,,tcl/target/stm32f3x.cfg,deterministic_ordering_pattern
STM32F302VCY6TR,STM32F3,v6.5_identifier_qualification,ordering_pattern,STM32F302VCYx,,tcl/target/stm32f3x.cfg,deterministic_ordering_pattern
STM32F302VDH6,STM32F3,v6.5_identifier_qualification,ordering_pattern,STM32F302VDHx,,tcl/target/stm32f3x.cfg,deterministic_ordering_pattern
STM32F302VDT6,STM32F3,v6.5_identifier_qualification,ordering_pattern,STM32F302VDTx,,tcl/target/stm32f3x.cfg,deterministic_ordering_pattern
STM32F302VDT6TR,STM32F3,v6.5_identifier_qualification,ordering_pattern,STM32F302VDTx,,tcl/target/stm32f3x.cfg,deterministic_ordering_pattern
STM32F302VEH6,STM32F3,v6.5_identifier_qualification,ordering_pattern,STM32F302VEHx,,tcl/target/stm32f3x.cfg,deterministic_ordering_pattern
STM32F302VET6,STM32F3,v6.5_identifier_qualification,ordering_pattern,STM32F302VETx,,tcl/target/stm32f3x.cfg,deterministic_ordering_pattern
STM32F302VET6TR,STM32F3,v6.5_identifier_qualification,ordering_pattern,STM32F302VETx,,tcl/target/stm32f3x.cfg,deterministic_ordering_pattern
STM32F302ZDT6,STM32F3,v6.5_identifier_qualification,ordering_pattern,STM32F302ZDTx,,tcl/target/stm32f3x.cfg,deterministic_ordering_pattern
STM32F302ZET6,STM32F3,v6.5_identifier_qualification,ordering_pattern,STM32F302ZETx,,tcl/target/stm32f3x.cfg,deterministic_ordering_pattern
STM32F303C8T6,STM32F3,v6.5_identifier_qualification,ordering_pattern,STM32F303C8Tx,,tcl/target/stm32f3x.cfg,deterministic_ordering_pattern
STM32F303C8T7,STM32F3,v6.5_identifier_qualification,ordering_pattern,STM32F303C8Tx,,tcl/target/stm32f3x.cfg,deterministic_ordering_pattern
STM32F303CBT6,STM32F3,v6.5_identifier_qualification,ordering_pattern,STM32F303CBTx,,tcl/target/stm32f3x.cfg,deterministic_ordering_pattern
STM32F303CBT6TR,STM32F3,v6.5_identifier_qualification,ordering_pattern,STM32F303CBTx,,tcl/target/stm32f3x.cfg,deterministic_ordering_pattern
STM32F303CBT7,STM32F3,v6.5_identifier_qualification,ordering_pattern,STM32F303CBTx,,tcl/target/stm32f3x.cfg,deterministic_ordering_pattern
STM32F303CBT7TR,STM32F3,v6.5_identifier_qualification,ordering_pattern,STM32F303CBTx,,tcl/target/stm32f3x.cfg,deterministic_ordering_pattern
STM32F303CCT6,STM32F3,v6.5_identifier_qualification,ordering_pattern,STM32F303CCTx,,tcl/target/stm32f3x.cfg,deterministic_ordering_pattern
STM32F303CCT6TR,STM32F3,v6.5_identifier_qualification,ordering_pattern,STM32F303CCTx,,tcl/target/stm32f3x.cfg,deterministic_ordering_pattern
STM32F303CCT7,STM32F3,v6.5_identifier_qualification,ordering_pattern,STM32F303CCTx,,tcl/target/stm32f3x.cfg,deterministic_ordering_pattern
STM32F303K6T6,STM32F3,v6.5_identifier_qualification,ordering_pattern,STM32F303K6Tx,,tcl/target/stm32f3x.cfg,deterministic_ordering_pattern
STM32F303K8T6,STM32F3,v6.5_identifier_qualification,ordering_pattern,STM32F303K8Tx,,tcl/target/stm32f3x.cfg,deterministic_ordering_pattern
STM32F303R6T6,STM32F3,v6.5_identifier_qualification,ordering_pattern,STM32F303R6Tx,,tcl/target/stm32f3x.cfg,deterministic_ordering_pattern
STM32F303R8T6,STM32F3,v6.5_identifier_qualification,ordering_pattern,STM32F303R8Tx,,tcl/target/stm32f3x.cfg,deterministic_ordering_pattern
STM32F303R8T6TR,STM32F3,v6.5_identifier_qualification,ordering_pattern,STM32F303R8Tx,,tcl/target/stm32f3x.cfg,deterministic_ordering_pattern
STM32F303R8T7,STM32F3,v6.5_identifier_qualification,ordering_pattern,STM32F303R8Tx,,tcl/target/stm32f3x.cfg,deterministic_ordering_pattern
STM32F303R8T7TR,STM32F3,v6.5_identifier_qualification,ordering_pattern,STM32F303R8Tx,,tcl/target/stm32f3x.cfg,deterministic_ordering_pattern
STM32F303RBT6,STM32F3,v6.5_identifier_qualification,ordering_pattern,STM32F303RBTx,,tcl/target/stm32f3x.cfg,deterministic_ordering_pattern
STM32F303RBT6TR,STM32F3,v6.5_identifier_qualification,ordering_pattern,STM32F303RBTx,,tcl/target/stm32f3x.cfg,deterministic_ordering_pattern
STM32F303RBT7,STM32F3,v6.5_identifier_qualification,ordering_pattern,STM32F303RBTx,,tcl/target/stm32f3x.cfg,deterministic_ordering_pattern
STM32F303RBT7TR,STM32F3,v6.5_identifier_qualification,ordering_pattern,STM32F303RBTx,,tcl/target/stm32f3x.cfg,deterministic_ordering_pattern
STM32F303RCT6,STM32F3,v6.5_identifier_qualification,ordering_pattern,STM32F303RCTx,,tcl/target/stm32f3x.cfg,deterministic_ordering_pattern
STM32F303RCT6TR,STM32F3,v6.5_identifier_qualification,ordering_pattern,STM32F303RCTx,,tcl/target/stm32f3x.cfg,deterministic_ordering_pattern
STM32F303RCT7,STM32F3,v6.5_identifier_qualification,ordering_pattern,STM32F303RCTx,,tcl/target/stm32f3x.cfg,deterministic_ordering_pattern
STM32F303RCT7TR,STM32F3,v6.5_identifier_qualification,ordering_pattern,STM32F303RCTx,,tcl/target/stm32f3x.cfg,deterministic_ordering_pattern
STM32F303RDT6,STM32F3,v6.5_identifier_qualification,ordering_pattern,STM32F303RDTx,,tcl/target/stm32f3x.cfg,deterministic_ordering_pattern
STM32F303RDT6TR,STM32F3,v6.5_identifier_qualification,ordering_pattern,STM32F303RDTx,,tcl/target/stm32f3x.cfg,deterministic_ordering_pattern
STM32F303RDT7,STM32F3,v6.5_identifier_qualification,ordering_pattern,STM32F303RDTx,,tcl/target/stm32f3x.cfg,deterministic_ordering_pattern
STM32F303RET6,STM32F3,v6.5_identifier_qualification,ordering_pattern,STM32F303RETx,,tcl/target/stm32f3x.cfg,deterministic_ordering_pattern
STM32F303RET6TR,STM32F3,v6.5_identifier_qualification,ordering_pattern,STM32F303RETx,,tcl/target/stm32f3x.cfg,deterministic_ordering_pattern
STM32F303RET7,STM32F3,v6.5_identifier_qualification,ordering_pattern,STM32F303RETx,,tcl/target/stm32f3x.cfg,deterministic_ordering_pattern
STM32F303RET7TR,STM32F3,v6.5_identifier_qualification,ordering_pattern,STM32F303RETx,,tcl/target/stm32f3x.cfg,deterministic_ordering_pattern
STM32F303VBT6,STM32F3,v6.5_identifier_qualification,ordering_pattern,STM32F303VBTx,,tcl/target/stm32f3x.cfg,deterministic_ordering_pattern
STM32F303VBT6TR,STM32F3,v6.5_identifier_qualification,ordering_pattern,STM32F303VBTx,,tcl/target/stm32f3x.cfg,deterministic_ordering_pattern
STM32F303VBT7,STM32F3,v6.5_identifier_qualification,ordering_pattern,STM32F303VBTx,,tcl/target/stm32f3x.cfg,deterministic_ordering_pattern
STM32F303VCT6,STM32F3,v6.5_identifier_qualification,ordering_pattern,STM32F303VCTx,,tcl/target/stm32f3x.cfg,deterministic_ordering_pattern
STM32F303VCT6TR,STM32F3,v6.5_identifier_qualification,ordering_pattern,STM32F303VCTx,,tcl/target/stm32f3x.cfg,deterministic_ordering_pattern
STM32F303VCT7,STM32F3,v6.5_identifier_qualification,ordering_pattern,STM32F303VCTx,,tcl/target/stm32f3x.cfg,deterministic_ordering_pattern
STM32F303VCT7TR,STM32F3,v6.5_identifier_qualification,ordering_pattern,STM32F303VCTx,,tcl/target/stm32f3x.cfg,deterministic_ordering_pattern
STM32F303VCY6TR,STM32F3,v6.5_identifier_qualification,ordering_pattern,STM32F303VCYx,,tcl/target/stm32f3x.cfg,deterministic_ordering_pattern
STM32F303VDH6,STM32F3,v6.5_identifier_qualification,ordering_pattern,STM32F303VDHx,,tcl/target/stm32f3x.cfg,deterministic_ordering_pattern
STM32F303VDT6,STM32F3,v6.5_identifier_qualification,ordering_pattern,STM32F303VDTx,,tcl/target/stm32f3x.cfg,deterministic_ordering_pattern
STM32F303VDT6TR,STM32F3,v6.5_identifier_qualification,ordering_pattern,STM32F303VDTx,,tcl/target/stm32f3x.cfg,deterministic_ordering_pattern
STM32F303VEH6,STM32F3,v6.5_identifier_qualification,ordering_pattern,STM32F303VEHx,,tcl/target/stm32f3x.cfg,deterministic_ordering_pattern
STM32F303VEH6TR,STM32F3,v6.5_identifier_qualification,ordering_pattern,STM32F303VEHx,,tcl/target/stm32f3x.cfg,deterministic_ordering_pattern
STM32F303VEH7,STM32F3,v6.5_identifier_qualification,ordering_pattern,STM32F303VEHx,,tcl/target/stm32f3x.cfg,deterministic_ordering_pattern
STM32F303VEH7TR,STM32F3,v6.5_identifier_qualification,ordering_pattern,STM32F303VEHx,,tcl/target/stm32f3x.cfg,deterministic_ordering_pattern
STM32F303VET6,STM32F3,v6.5_identifier_qualification,ordering_pattern,STM32F303VETx,,tcl/target/stm32f3x.cfg,deterministic_ordering_pattern
STM32F303VET6TR,STM32F3,v6.5_identifier_qualification,ordering_pattern,STM32F303VETx,,tcl/target/stm32f3x.cfg,deterministic_ordering_pattern
STM32F303VET7,STM32F3,v6.5_identifier_qualification,ordering_pattern,STM32F303VETx,,tcl/target/stm32f3x.cfg,deterministic_ordering_pattern
STM32F303VEY6TR,STM32F3,v6.5_identifier_qualification,ordering_pattern,STM32F303VEYx,,tcl/target/stm32f3x.cfg,deterministic_ordering_pattern
STM32F303ZDT6,STM32F3,v6.5_identifier_qualification,ordering_pattern,STM32F303ZDTx,,tcl/target/stm32f3x.cfg,deterministic_ordering_pattern
STM32F303ZDT7,STM32F3,v6.5_identifier_qualification,ordering_pattern,STM32F303ZDTx,,tcl/target/stm32f3x.cfg,deterministic_ordering_pattern
STM32F303ZET6,STM32F3,v6.5_identifier_qualification,ordering_pattern,STM32F303ZETx,,tcl/target/stm32f3x.cfg,deterministic_ordering_pattern
STM32F303ZET7,STM32F3,v6.5_identifier_qualification,ordering_pattern,STM32F303ZETx,,tcl/target/stm32f3x.cfg,deterministic_ordering_pattern
STM32F318K8U6,STM32F3,v6.5_identifier_qualification,ordering_pattern,STM32F318K8Ux,,tcl/target/stm32f3x.cfg,deterministic_ordering_pattern
STM32F318K8U7,STM32F3,v6.5_identifier_qualification,ordering_pattern,STM32F318K8Ux,,tcl/target/stm32f3x.cfg,deterministic_ordering_pattern
STM32F334C6T6,STM32F3,v6.5_identifier_qualification,ordering_pattern,STM32F334C6Tx,,tcl/target/stm32f3x.cfg,deterministic_ordering_pattern
STM32F334C6T6TR,STM32F3,v6.5_identifier_qualification,ordering_pattern,STM32F334C6Tx,,tcl/target/stm32f3x.cfg,deterministic_ordering_pattern
STM32F334C6T7,STM32F3,v6.5_identifier_qualification,ordering_pattern,STM32F334C6Tx,,tcl/target/stm32f3x.cfg,deterministic_ordering_pattern
STM32F334C6T7TR,STM32F3,v6.5_identifier_qualification,ordering_pattern,STM32F334C6Tx,,tcl/target/stm32f3x.cfg,deterministic_ordering_pattern
STM32F334C8T6,STM32F3,v6.5_identifier_qualification,ordering_pattern,STM32F334C8Tx,,tcl/target/stm32f3x.cfg,deterministic_ordering_pattern
STM32F334C8T6TR,STM32F3,v6.5_identifier_qualification,ordering_pattern,STM32F334C8Tx,,tcl/target/stm32f3x.cfg,deterministic_ordering_pattern
STM32F334C8T7,STM32F3,v6.5_identifier_qualification,ordering_pattern,STM32F334C8Tx,,tcl/target/stm32f3x.cfg,deterministic_ordering_pattern
STM32F334C8T7TR,STM32F3,v6.5_identifier_qualification,ordering_pattern,STM32F334C8Tx,,tcl/target/stm32f3x.cfg,deterministic_ordering_pattern
STM32F334C8Y6TR,STM32F3,v6.5_identifier_qualification,ordering_pattern,STM32F334C8Yx,,tcl/target/stm32f3x.cfg,deterministic_ordering_pattern
STM32F334C8Y7TR,STM32F3,v6.5_identifier_qualification,ordering_pattern,STM32F334C8Yx,,tcl/target/stm32f3x.cfg,deterministic_ordering_pattern
STM32F334K4T6,STM32F3,v6.5_identifier_qualification,ordering_pattern,STM32F334K4Tx,,tcl/target/stm32f3x.cfg,deterministic_ordering_pattern
STM32F334K6T6,STM32F3,v6.5_identifier_qualification,ordering_pattern,STM32F334K6Tx,,tcl/target/stm32f3x.cfg,deterministic_ordering_pattern
STM32F334K6T7,STM32F3,v6.5_identifier_qualification,ordering_pattern,STM32F334K6Tx,,tcl/target/stm32f3x.cfg,deterministic_ordering_pattern
STM32F334K8T6,STM32F3,v6.5_identifier_qualification,ordering_pattern,STM32F334K8Tx,,tcl/target/stm32f3x.cfg,deterministic_ordering_pattern
STM32F334K8T6TR,STM32F3,v6.5_identifier_qualification,ordering_pattern,STM32F334K8Tx,,tcl/target/stm32f3x.cfg,deterministic_ordering_pattern
STM32F334K8T7,STM32F3,v6.5_identifier_qualification,ordering_pattern,STM32F334K8Tx,,tcl/target/stm32f3x.cfg,deterministic_ordering_pattern
STM32F334K8U6,STM32F3,v6.5_identifier_qualification,ordering_pattern,STM32F334K8Ux,,tcl/target/stm32f3x.cfg,deterministic_ordering_pattern
STM32F334K8U6TR,STM32F3,v6.5_identifier_qualification,ordering_pattern,STM32F334K8Ux,,tcl/target/stm32f3x.cfg,deterministic_ordering_pattern
STM32F334R6T6,STM32F3,v6.5_identifier_qualification,ordering_pattern,STM32F334R6Tx,,tcl/target/stm32f3x.cfg,deterministic_ordering_pattern
STM32F334R8T6,STM32F3,v6.5_identifier_qualification,ordering_pattern,STM32F334R8Tx,,tcl/target/stm32f3x.cfg,deterministic_ordering_pattern
STM32F334R8T6TR,STM32F3,v6.5_identifier_qualification,ordering_pattern,STM32F334R8Tx,,tcl/target/stm32f3x.cfg,deterministic_ordering_pattern
STM32F334R8T7,STM32F3,v6.5_identifier_qualification,ordering_pattern,STM32F334R8Tx,,tcl/target/stm32f3x.cfg,deterministic_ordering_pattern
STM32F334R8T7TR,STM32F3,v6.5_identifier_qualification,ordering_pattern,STM32F334R8Tx,,tcl/target/stm32f3x.cfg,deterministic_ordering_pattern
STM32F373CBT6,STM32F3,v6.5_identifier_qualification,ordering_pattern,STM32F373CBTx,,tcl/target/stm32f3x.cfg,deterministic_ordering_pattern
STM32F373CBT7,STM32F3,v6.5_identifier_qualification,ordering_pattern,STM32F373CBTx,,tcl/target/stm32f3x.cfg,deterministic_ordering_pattern
STM32F373CCT6,STM32F3,v6.5_identifier_qualification,ordering_pattern,STM32F373CCTx,,tcl/target/stm32f3x.cfg,deterministic_ordering_pattern
STM32F373CCT6TR,STM32F3,v6.5_identifier_qualification,ordering_pattern,STM32F373CCTx,,tcl/target/stm32f3x.cfg,deterministic_ordering_pattern
STM32F373CCT7,STM32F3,v6.5_identifier_qualification,ordering_pattern,STM32F373CCTx,,tcl/target/stm32f3x.cfg,deterministic_ordering_pattern
STM32F373R8T6,STM32F3,v6.5_identifier_qualification,ordering_pattern,STM32F373R8Tx,,tcl/target/stm32f3x.cfg,deterministic_ordering_pattern
STM32F373R8T6TR,STM32F3,v6.5_identifier_qualification,ordering_pattern,STM32F373R8Tx,,tcl/target/stm32f3x.cfg,deterministic_ordering_pattern
STM32F373RBT6,STM32F3,v6.5_identifier_qualification,ordering_pattern,STM32F373RBTx,,tcl/target/stm32f3x.cfg,deterministic_ordering_pattern
STM32F373RBT7,STM32F3,v6.5_identifier_qualification,ordering_pattern,STM32F373RBTx,,tcl/target/stm32f3x.cfg,deterministic_ordering_pattern
STM32F373RCT6,STM32F3,v6.5_identifier_qualification,ordering_pattern,STM32F373RCTx,,tcl/target/stm32f3x.cfg,deterministic_ordering_pattern
STM32F373RCT6TR,STM32F3,v6.5_identifier_qualification,ordering_pattern,STM32F373RCTx,,tcl/target/stm32f3x.cfg,deterministic_ordering_pattern
STM32F373V8H6,STM32F3,v6.5_identifier_qualification,ordering_pattern,STM32F373V8Hx,,tcl/target/stm32f3x.cfg,deterministic_ordering_pattern
STM32F373V8T6,STM32F3,v6.5_identifier_qualification,ordering_pattern,STM32F373V8Tx,,tcl/target/stm32f3x.cfg,deterministic_ordering_pattern
STM32F373VBH6,STM32F3,v6.5_identifier_qualification,ordering_pattern,STM32F373VBHx,,tcl/target/stm32f3x.cfg,deterministic_ordering_pattern
STM32F373VBT6,STM32F3,v6.5_identifier_qualification,ordering_pattern,STM32F373VBTx,,tcl/target/stm32f3x.cfg,deterministic_ordering_pattern
STM32F373VBT7,STM32F3,v6.5_identifier_qualification,ordering_pattern,STM32F373VBTx,,tcl/target/stm32f3x.cfg,deterministic_ordering_pattern
STM32F373VCH6,STM32F3,v6.5_identifier_qualification,ordering_pattern,STM32F373VCHx,,tcl/target/stm32f3x.cfg,deterministic_ordering_pattern
STM32F373VCH7,STM32F3,v6.5_identifier_qualification,ordering_pattern,STM32F373VCHx,,tcl/target/stm32f3x.cfg,deterministic_ordering_pattern
STM32F373VCT6,STM32F3,v6.5_identifier_qualification,ordering_pattern,STM32F373VCTx,,tcl/target/stm32f3x.cfg,deterministic_ordering_pattern
STM32F373VCT6TR,STM32F3,v6.5_identifier_qualification,ordering_pattern,STM32F373VCTx,,tcl/target/stm32f3x.cfg,deterministic_ordering_pattern
STM32F373VCT7,STM32F3,v6.5_identifier_qualification,ordering_pattern,STM32F373VCTx,,tcl/target/stm32f3x.cfg,deterministic_ordering_pattern
STM32F405OGY6VTR,STM32F4,v6.13_bounded_suffix_normalization,ordering_pattern,STM32F405OGYx,,tcl/target/stm32f4x.cfg,deterministic_ordering_pattern
STM32F405OGY6WTR,STM32F4,v6.13_bounded_suffix_normalization,ordering_pattern,STM32F405OGYx,,tcl/target/stm32f4x.cfg,deterministic_ordering_pattern
STM32F437VIT6WTR,STM32F4,v6.13_bounded_suffix_normalization,ordering_pattern,STM32F437VITx,,tcl/target/stm32f4x.cfg,deterministic_ordering_pattern
STM32F722IEK6,STM32F7,v6.5_identifier_qualification,ordering_pattern,STM32F722IEKx,,tcl/target/stm32f7x.cfg,deterministic_ordering_pattern
STM32F722IET6,STM32F7,v6.5_identifier_qualification,ordering_pattern,STM32F722IETx,,tcl/target/stm32f7x.cfg,deterministic_ordering_pattern
STM32F722IET7,STM32F7,v6.5_identifier_qualification,ordering_pattern,STM32F722IETx,,tcl/target/stm32f7x.cfg,deterministic_ordering_pattern
STM32F722RCT6,STM32F7,v6.5_identifier_qualification,ordering_pattern,STM32F722RCTx,,tcl/target/stm32f7x.cfg,deterministic_ordering_pattern
STM32F722RET6,STM32F7,v6.5_identifier_qualification,ordering_pattern,STM32F722RETx,,tcl/target/stm32f7x.cfg,deterministic_ordering_pattern
STM32F722RET6TR,STM32F7,v6.5_identifier_qualification,ordering_pattern,STM32F722RETx,,tcl/target/stm32f7x.cfg,deterministic_ordering_pattern
STM32F722RET7,STM32F7,v6.5_identifier_qualification,ordering_pattern,STM32F722RETx,,tcl/target/stm32f7x.cfg,deterministic_ordering_pattern
STM32F722RET7TR,STM32F7,v6.5_identifier_qualification,ordering_pattern,STM32F722RETx,,tcl/target/stm32f7x.cfg,deterministic_ordering_pattern
STM32F722VCT6,STM32F7,v6.5_identifier_qualification,ordering_pattern,STM32F722VCTx,,tcl/target/stm32f7x.cfg,deterministic_ordering_pattern
STM32F722VCT6TR,STM32F7,v6.5_identifier_qualification,ordering_pattern,STM32F722VCTx,,tcl/target/stm32f7x.cfg,deterministic_ordering_pattern
STM32F722VET6,STM32F7,v6.5_identifier_qualification,ordering_pattern,STM32F722VETx,,tcl/target/stm32f7x.cfg,deterministic_ordering_pattern
STM32F722VET6TR,STM32F7,v6.5_identifier_qualification,ordering_pattern,STM32F722VETx,,tcl/target/stm32f7x.cfg,deterministic_ordering_pattern
STM32F722VET7,STM32F7,v6.5_identifier_qualification,ordering_pattern,STM32F722VETx,,tcl/target/stm32f7x.cfg,deterministic_ordering_pattern
STM32F722VET7TR,STM32F7,v6.5_identifier_qualification,ordering_pattern,STM32F722VETx,,tcl/target/stm32f7x.cfg,deterministic_ordering_pattern
STM32F722ZCT6,STM32F7,v6.5_identifier_qualification,ordering_pattern,STM32F722ZCTx,,tcl/target/stm32f7x.cfg,deterministic_ordering_pattern
STM32F722ZET6,STM32F7,v6.5_identifier_qualification,ordering_pattern,STM32F722ZETx,,tcl/target/stm32f7x.cfg,deterministic_ordering_pattern
STM32F722ZET6TR,STM32F7,v6.5_identifier_qualification,ordering_pattern,STM32F722ZETx,,tcl/target/stm32f7x.cfg,deterministic_ordering_pattern
STM32F722ZET7,STM32F7,v6.5_identifier_qualification,ordering_pattern,STM32F722ZETx,,tcl/target/stm32f7x.cfg,deterministic_ordering_pattern
STM32F723IEK6,STM32F7,v6.5_identifier_qualification,ordering_pattern,STM32F723IEKx,,tcl/target/stm32f7x.cfg,deterministic_ordering_pattern
STM32F723IET6,STM32F7,v6.5_identifier_qualification,ordering_pattern,STM32F723IETx,,tcl/target/stm32f7x.cfg,deterministic_ordering_pattern
STM32F723IET7,STM32F7,v6.5_identifier_qualification,ordering_pattern,STM32F723IETx,,tcl/target/stm32f7x.cfg,deterministic_ordering_pattern
STM32F723VCT6,STM32F7,v6.5_identifier_qualification,ordering_pattern,STM32F723VCTx,,tcl/target/stm32f7x.cfg,deterministic_ordering_pattern
STM32F723VCY6TR,STM32F7,v6.5_identifier_qualification,ordering_pattern,STM32F723VCYx,,tcl/target/stm32f7x.cfg,deterministic_ordering_pattern
STM32F723VET6,STM32F7,v6.5_identifier_qualification,ordering_pattern,STM32F723VETx,,tcl/target/stm32f7x.cfg,deterministic_ordering_pattern
STM32F723VEY6TR,STM32F7,v6.5_identifier_qualification,ordering_pattern,STM32F723VEYx,,tcl/target/stm32f7x.cfg,deterministic_ordering_pattern
STM32F723ZCI6,STM32F7,v6.5_identifier_qualification,ordering_pattern,STM32F723ZCIx,,tcl/target/stm32f7x.cfg,deterministic_ordering_pattern
STM32F723ZCT6,STM32F7,v6.5_identifier_qualification,ordering_pattern,STM32F723ZCTx,,tcl/target/stm32f7x.cfg,deterministic_ordering_pattern
STM32F723ZEI6,STM32F7,v6.5_identifier_qualification,ordering_pattern,STM32F723ZEIx,,tcl/target/stm32f7x.cfg,deterministic_ordering_pattern
STM32F723ZET6,STM32F7,v6.5_identifier_qualification,ordering_pattern,STM32F723ZETx,,tcl/target/stm32f7x.cfg,deterministic_ordering_pattern
STM32F723ZET7,STM32F7,v6.5_identifier_qualification,ordering_pattern,STM32F723ZETx,,tcl/target/stm32f7x.cfg,deterministic_ordering_pattern
STM32F730R8T6,STM32F7,v6.5_identifier_qualification,ordering_pattern,STM32F730R8Tx,,tcl/target/stm32f7x.cfg,deterministic_ordering_pattern
STM32F730V8T6,STM32F7,v6.5_identifier_qualification,ordering_pattern,STM32F730V8Tx,,tcl/target/stm32f7x.cfg,deterministic_ordering_pattern
STM32F730V8T6TR,STM32F7,v6.5_identifier_qualification,ordering_pattern,STM32F730V8Tx,,tcl/target/stm32f7x.cfg,deterministic_ordering_pattern
STM32F730Z8T6,STM32F7,v6.5_identifier_qualification,ordering_pattern,STM32F730Z8Tx,,tcl/target/stm32f7x.cfg,deterministic_ordering_pattern
STM32F730Z8T6TR,STM32F7,v6.5_identifier_qualification,ordering_pattern,STM32F730Z8Tx,,tcl/target/stm32f7x.cfg,deterministic_ordering_pattern
STM32F732RET6,STM32F7,v6.5_identifier_qualification,ordering_pattern,STM32F732RETx,,tcl/target/stm32f7x.cfg,deterministic_ordering_pattern
STM32F732VET6,STM32F7,v6.5_identifier_qualification,ordering_pattern,STM32F732VETx,,tcl/target/stm32f7x.cfg,deterministic_ordering_pattern
STM32F732VET6TR,STM32F7,v6.5_identifier_qualification,ordering_pattern,STM32F732VETx,,tcl/target/stm32f7x.cfg,deterministic_ordering_pattern
STM32F732ZET6,STM32F7,v6.5_identifier_qualification,ordering_pattern,STM32F732ZETx,,tcl/target/stm32f7x.cfg,deterministic_ordering_pattern
STM32F733VET6,STM32F7,v6.5_identifier_qualification,ordering_pattern,STM32F733VETx,,tcl/target/stm32f7x.cfg,deterministic_ordering_pattern
STM32F733VEY6TR,STM32F7,v6.5_identifier_qualification,ordering_pattern,STM32F733VEYx,,tcl/target/stm32f7x.cfg,deterministic_ordering_pattern
STM32F733ZEI6,STM32F7,v6.5_identifier_qualification,ordering_pattern,STM32F733ZEIx,,tcl/target/stm32f7x.cfg,deterministic_ordering_pattern
STM32F733ZET6,STM32F7,v6.5_identifier_qualification,ordering_pattern,STM32F733ZETx,,tcl/target/stm32f7x.cfg,deterministic_ordering_pattern
STM32F745IGK6,STM32F7,v6.5_identifier_qualification,ordering_pattern,STM32F745IGKx,,tcl/target/stm32f7x.cfg,deterministic_ordering_pattern
STM32F745IGK6TR,STM32F7,v6.5_identifier_qualification,ordering_pattern,STM32F745IGKx,,tcl/target/stm32f7x.cfg,deterministic_ordering_pattern
STM32F745IGK7,STM32F7,v6.5_identifier_qualification,ordering_pattern,STM32F745IGKx,,tcl/target/stm32f7x.cfg,deterministic_ordering_pattern
STM32F745IGT6,STM32F7,v6.5_identifier_qualification,ordering_pattern,STM32F745IGTx,,tcl/target/stm32f7x.cfg,deterministic_ordering_pattern
STM32F745VEH6,STM32F7,v6.5_identifier_qualification,ordering_pattern,STM32F745VEHx,,tcl/target/stm32f7x.cfg,deterministic_ordering_pattern
STM32F745VEH6TR,STM32F7,v6.5_identifier_qualification,ordering_pattern,STM32F745VEHx,,tcl/target/stm32f7x.cfg,deterministic_ordering_pattern
STM32F745VET6,STM32F7,v6.5_identifier_qualification,ordering_pattern,STM32F745VETx,,tcl/target/stm32f7x.cfg,deterministic_ordering_pattern
STM32F745VET7,STM32F7,v6.5_identifier_qualification,ordering_pattern,STM32F745VETx,,tcl/target/stm32f7x.cfg,deterministic_ordering_pattern
STM32F745VGH6,STM32F7,v6.5_identifier_qualification,ordering_pattern,STM32F745VGHx,,tcl/target/stm32f7x.cfg,deterministic_ordering_pattern
STM32F745VGT6,STM32F7,v6.5_identifier_qualification,ordering_pattern,STM32F745VGTx,,tcl/target/stm32f7x.cfg,deterministic_ordering_pattern
STM32F745VGT6TR,STM32F7,v6.5_identifier_qualification,ordering_pattern,STM32F745VGTx,,tcl/target/stm32f7x.cfg,deterministic_ordering_pattern
STM32F745ZET6,STM32F7,v6.5_identifier_qualification,ordering_pattern,STM32F745ZETx,,tcl/target/stm32f7x.cfg,deterministic_ordering_pattern
STM32F745ZGT6,STM32F7,v6.5_identifier_qualification,ordering_pattern,STM32F745ZGTx,,tcl/target/stm32f7x.cfg,deterministic_ordering_pattern
STM32F745ZGT7,STM32F7,v6.5_identifier_qualification,ordering_pattern,STM32F745ZGTx,,tcl/target/stm32f7x.cfg,deterministic_ordering_pattern
STM32F750V8T6,STM32F7,v6.5_identifier_qualification,ordering_pattern,STM32F750V8Tx,,tcl/target/stm32f7x.cfg,deterministic_ordering_pattern
STM32F750V8T7,STM32F7,v6.5_identifier_qualification,ordering_pattern,STM32F750V8Tx,,tcl/target/stm32f7x.cfg,deterministic_ordering_pattern
STM32F750Z8T6,STM32F7,v6.5_identifier_qualification,ordering_pattern,STM32F750Z8Tx,,tcl/target/stm32f7x.cfg,deterministic_ordering_pattern
STM32F779IIT6,STM32F7,v6.5_identifier_qualification,ordering_pattern,STM32F779IITx,,tcl/target/stm32f7x.cfg,deterministic_ordering_pattern
STM32F779NIH6,STM32F7,v6.5_identifier_qualification,ordering_pattern,STM32F779NIHx,,tcl/target/stm32f7x.cfg,deterministic_ordering_pattern
STM32G071G8U6N,STM32G0,v6.13_bounded_suffix_normalization,ordering_pattern,STM32G071G8Ux,,tcl/target/stm32g0x.cfg,deterministic_ordering_pattern
STM32G071G8U6NTR,STM32G0,v6.13_bounded_suffix_normalization,ordering_pattern,STM32G071G8Ux,,tcl/target/stm32g0x.cfg,deterministic_ordering_pattern
STM32G071GBU6N,STM32G0,v6.13_bounded_suffix_normalization,ordering_pattern,STM32G071GBUx,,tcl/target/stm32g0x.cfg,deterministic_ordering_pattern
STM32G071KBT6N,STM32G0,v6.13_bounded_suffix_normalization,ordering_pattern,STM32G071KBTx,,tcl/target/stm32g0x.cfg,deterministic_ordering_pattern
STM32G071KBU6N,STM32G0,v6.13_bounded_suffix_normalization,ordering_pattern,STM32G071KBUx,,tcl/target/stm32g0x.cfg,deterministic_ordering_pattern
STM32G0B1CBT6N,STM32G0,v6.13_bounded_suffix_normalization,ordering_pattern,STM32G0B1CBTx,,tcl/target/stm32g0x.cfg,deterministic_ordering_pattern
STM32G0B1CBU6N,STM32G0,v6.13_bounded_suffix_normalization,ordering_pattern,STM32G0B1CBUx,,tcl/target/stm32g0x.cfg,deterministic_ordering_pattern
STM32G0B1CCU6N,STM32G0,v6.13_bounded_suffix_normalization,ordering_pattern,STM32G0B1CCUx,,tcl/target/stm32g0x.cfg,deterministic_ordering_pattern
STM32G0B1CCU6NTR,STM32G0,v6.13_bounded_suffix_normalization,ordering_pattern,STM32G0B1CCUx,,tcl/target/stm32g0x.cfg,deterministic_ordering_pattern
STM32G0B1CET6N,STM32G0,v6.13_bounded_suffix_normalization,ordering_pattern,STM32G0B1CETx,,tcl/target/stm32g0x.cfg,deterministic_ordering_pattern
STM32G0B1CEU6N,STM32G0,v6.13_bounded_suffix_normalization,ordering_pattern,STM32G0B1CEUx,,tcl/target/stm32g0x.cfg,deterministic_ordering_pattern
STM32G0B1KBT6N,STM32G0,v6.13_bounded_suffix_normalization,ordering_pattern,STM32G0B1KBTx,,tcl/target/stm32g0x.cfg,deterministic_ordering_pattern
STM32G0B1KBT6NTR,STM32G0,v6.13_bounded_suffix_normalization,ordering_pattern,STM32G0B1KBTx,,tcl/target/stm32g0x.cfg,deterministic_ordering_pattern
STM32G0B1KBU3N,STM32G0,v6.13_bounded_suffix_normalization,ordering_pattern,STM32G0B1KBUx,,tcl/target/stm32g0x.cfg,deterministic_ordering_pattern
STM32G0B1KBU3NTR,STM32G0,v6.13_bounded_suffix_normalization,ordering_pattern,STM32G0B1KBUx,,tcl/target/stm32g0x.cfg,deterministic_ordering_pattern
STM32G0B1KBU6N,STM32G0,v6.13_bounded_suffix_normalization,ordering_pattern,STM32G0B1KBUx,,tcl/target/stm32g0x.cfg,deterministic_ordering_pattern
STM32G0B1KCT6N,STM32G0,v6.13_bounded_suffix_normalization,ordering_pattern,STM32G0B1KCTx,,tcl/target/stm32g0x.cfg,deterministic_ordering_pattern
STM32G0B1KCU6N,STM32G0,v6.13_bounded_suffix_normalization,ordering_pattern,STM32G0B1KCUx,,tcl/target/stm32g0x.cfg,deterministic_ordering_pattern
STM32G0B1KET6N,STM32G0,v6.13_bounded_suffix_normalization,ordering_pattern,STM32G0B1KETx,,tcl/target/stm32g0x.cfg,deterministic_ordering_pattern
STM32G0B1KEU3N,STM32G0,v6.13_bounded_suffix_normalization,ordering_pattern,STM32G0B1KEUx,,tcl/target/stm32g0x.cfg,deterministic_ordering_pattern
STM32G0B1KEU3NTR,STM32G0,v6.13_bounded_suffix_normalization,ordering_pattern,STM32G0B1KEUx,,tcl/target/stm32g0x.cfg,deterministic_ordering_pattern
STM32G0B1KEU6N,STM32G0,v6.13_bounded_suffix_normalization,ordering_pattern,STM32G0B1KEUx,,tcl/target/stm32g0x.cfg,deterministic_ordering_pattern
STM32G0B1RBT6N,STM32G0,v6.13_bounded_suffix_normalization,ordering_pattern,STM32G0B1RBTx,,tcl/target/stm32g0x.cfg,deterministic_ordering_pattern
STM32G0B1RCT6N,STM32G0,v6.13_bounded_suffix_normalization,ordering_pattern,STM32G0B1RCTx,,tcl/target/stm32g0x.cfg,deterministic_ordering_pattern
STM32G0B1RCT6NTR,STM32G0,v6.13_bounded_suffix_normalization,ordering_pattern,STM32G0B1RCTx,,tcl/target/stm32g0x.cfg,deterministic_ordering_pattern
STM32G0B1RET6N,STM32G0,v6.13_bounded_suffix_normalization,ordering_pattern,STM32G0B1RETx,,tcl/target/stm32g0x.cfg,deterministic_ordering_pattern
STM32G0C1KCT6N,STM32G0,v6.13_bounded_suffix_normalization,ordering_pattern,STM32G0C1KCTx,,tcl/target/stm32g0x.cfg,deterministic_ordering_pattern
STM32G0C1KCU6N,STM32G0,v6.13_bounded_suffix_normalization,ordering_pattern,STM32G0C1KCUx,,tcl/target/stm32g0x.cfg,deterministic_ordering_pattern
STM32G0C1KET6N,STM32G0,v6.13_bounded_suffix_normalization,ordering_pattern,STM32G0C1KETx,,tcl/target/stm32g0x.cfg,deterministic_ordering_pattern
STM32G0C1KEU6N,STM32G0,v6.13_bounded_suffix_normalization,ordering_pattern,STM32G0C1KEUx,,tcl/target/stm32g0x.cfg,deterministic_ordering_pattern
STM32H730ABI6Q,STM32H7,v6.5_identifier_qualification,cmsis_device_name,STM32H730ABIxQ,STM32H730ABIxQ,tcl/target/stm32h7x.cfg,deterministic_cmsis_device_name
STM32H730IBK6Q,STM32H7,v6.5_identifier_qualification,cmsis_device_name,STM32H730IBKxQ,STM32H730IBKxQ,tcl/target/stm32h7x.cfg,deterministic_cmsis_device_name
STM32H730IBK6QTR,STM32H7,v6.5_identifier_qualification,cmsis_device_name,STM32H730IBKxQ,STM32H730IBKxQ,tcl/target/stm32h7x.cfg,deterministic_cmsis_device_name
STM32H730IBT6Q,STM32H7,v6.5_identifier_qualification,cmsis_device_name,STM32H730IBTxQ,STM32H730IBTxQ,tcl/target/stm32h7x.cfg,deterministic_cmsis_device_name
STM32H743IIT6TR,STM32H7,v6.5_identifier_qualification,ordering_pattern,STM32H743IITx,,tcl/target/stm32h7x.cfg,deterministic_ordering_pattern
STM32H7A3AGI6Q,STM32H7,v6.5_identifier_qualification,cmsis_device_name,STM32H7A3AGIxQ,STM32H7A3AGIxQ,tcl/target/stm32h7x.cfg,deterministic_cmsis_device_name
STM32H7A3AII6Q,STM32H7,v6.5_identifier_qualification,cmsis_device_name,STM32H7A3AIIxQ,STM32H7A3AIIxQ,tcl/target/stm32h7x.cfg,deterministic_cmsis_device_name
STM32H7A3LGH6Q,STM32H7,v6.5_identifier_qualification,cmsis_device_name,STM32H7A3LGHxQ,STM32H7A3LGHxQ,tcl/target/stm32h7x.cfg,deterministic_cmsis_device_name
STM32H7A3LIH6Q,STM32H7,v6.5_identifier_qualification,cmsis_device_name,STM32H7A3LIHxQ,STM32H7A3LIHxQ,tcl/target/stm32h7x.cfg,deterministic_cmsis_device_name
STM32H7A3QIY6QTR,STM32H7,v6.5_identifier_qualification,cmsis_device_name,STM32H7A3QIYxQ,STM32H7A3QIYxQ,tcl/target/stm32h7x.cfg,deterministic_cmsis_device_name
STM32H7B0ABI6Q,STM32H7,v6.5_identifier_qualification,cmsis_device_name,STM32H7B0ABIxQ,STM32H7B0ABIxQ,tcl/target/stm32h7x.cfg,deterministic_cmsis_device_name
STM32H7B3AII6Q,STM32H7,v6.5_identifier_qualification,cmsis_device_name,STM32H7B3AIIxQ,STM32H7B3AIIxQ,tcl/target/stm32h7x.cfg,deterministic_cmsis_device_name
STM32H7B3LIH6Q,STM32H7,v6.5_identifier_qualification,cmsis_device_name,STM32H7B3LIHxQ,STM32H7B3LIHxQ,tcl/target/stm32h7x.cfg,deterministic_cmsis_device_name
STM32H7B3QIY6QTR,STM32H7,v6.5_identifier_qualification,cmsis_device_name,STM32H7B3QIYxQ,STM32H7B3QIYxQ,tcl/target/stm32h7x.cfg,deterministic_cmsis_device_name
STM32L151VDT7X,STM32L1,v6.5_identifier_qualification,ordering_pattern,STM32L151VDTx,,tcl/target/stm32l1.cfg,deterministic_ordering_pattern
STM32L412RBT3,STM32L4,v6.5_identifier_qualification,ordering_pattern,STM32L412RBTx,,tcl/target/stm32l4x.cfg,deterministic_ordering_pattern
STM32U375CET6TR,STM32U3,v6.5_identifier_qualification,ordering_pattern,STM32U375CETx,,tcl/target/stm32u3x.cfg,deterministic_ordering_pattern
