vendor,series,display_name,target_config,device_type,classification_status,part_number
Unclassified,1986ВЕ1Т,1986Ве1Т,tcl/target/1986ве1т.cfg,Unknown,Needs review,
Analog Devices,ADSP-SC58X,Adsp-Sc58X,tcl/target/adsp-sc58x.cfg,MCU,Auto-classified,
Analog Devices,ADUC702X,Aduc702X,tcl/target/aduc702x.cfg,MCU,Auto-classified,
Analog Devices,ADUCM360,Aducm360,tcl/target/aducm360.cfg,MCU,Auto-classified,
Allwinner,ALLWINNER H618,Allwinner H618,tcl/target/allwinner_h618.cfg,SoC,Auto-classified,
Allwinner,ALLWINNER V3S,Allwinner V3S,tcl/target/allwinner_v3s.cfg,SoC,Auto-classified,
Unclassified,ALPHASCALE ASM9260T,Alphascale Asm9260T,tcl/target/alphascale_asm9260t.cfg,Unknown,Needs review,
Intel/Altera,ALTERA FPGASOC,Altera Fpgasoc,tcl/target/altera_fpgasoc.cfg,FPGA SoC,Auto-classified,
Intel/Altera,ALTERA FPGASOC ARRIA10,Altera Fpgasoc Arria10,tcl/target/altera_fpgasoc_arria10.cfg,FPGA SoC,Auto-classified,
Unclassified,AMPERE EMAG,Ampere Emag,tcl/target/ampere_emag.cfg,Unknown,Needs review,
Unclassified,AMPERE QS MQ,Ampere Qs Mq,tcl/target/ampere_qs_mq.cfg,Unknown,Needs review,
Qualcomm/Atheros,AR71XX,Ar71Xx,tcl/target/ar71xx.cfg,SoC,Auto-classified,
Arm,ARM CORELINK SSE200,Arm Corelink Sse200,tcl/target/arm_corelink_sse200.cfg,SoC,Auto-classified,
Unclassified,ARMADA370,Armada370,tcl/target/armada370.cfg,Unknown,Needs review,
Artery,AT32F4X,At32F4X,tcl/target/artery/at32f4x.cfg,MCU,Auto-classified,
Unclassified,AT32AP7000,At32Ap7000,tcl/target/at32ap7000.cfg,Unknown,Needs review,
Microchip,AT91R40008,At91R40008,tcl/target/at91r40008.cfg,MCU,Auto-classified,
Microchip,AT91RM9200,At91Rm9200,tcl/target/at91rm9200.cfg,MCU,Auto-classified,
Microchip,AT91SAM3X,At91Sam3Xxx,tcl/target/at91sam3XXX.cfg,MCU,Auto-classified,
Microchip,AT91SAM3AX,At91Sam3Ax 4X,tcl/target/at91sam3ax_4x.cfg,MCU,Auto-classified,
Microchip,AT91SAM3AX,At91Sam3Ax 8X,tcl/target/at91sam3ax_8x.cfg,MCU,Auto-classified,
Microchip,AT91SAM3AX,At91Sam3Ax Xx,tcl/target/at91sam3ax_xx.cfg,MCU,Auto-classified,
Microchip,AT91SAM3NX,At91Sam3Nxx,tcl/target/at91sam3nXX.cfg,MCU,Auto-classified,
Microchip,AT91SAM3SX,At91Sam3Sxx,tcl/target/at91sam3sXX.cfg,MCU,Auto-classified,
Microchip,AT91SAM3U1C,At91Sam3U1C,tcl/target/at91sam3u1c.cfg,MCU,Auto-classified,
Microchip,AT91SAM3U1E,At91Sam3U1E,tcl/target/at91sam3u1e.cfg,MCU,Auto-classified,
Microchip,AT91SAM3U2C,At91Sam3U2C,tcl/target/at91sam3u2c.cfg,MCU,Auto-classified,
Microchip,AT91SAM3U2E,At91Sam3U2E,tcl/target/at91sam3u2e.cfg,MCU,Auto-classified,
Microchip,AT91SAM3U4C,At91Sam3U4C,tcl/target/at91sam3u4c.cfg,MCU,Auto-classified,
Microchip,AT91SAM3U4E,At91Sam3U4E,tcl/target/at91sam3u4e.cfg,MCU,Auto-classified,
Microchip,AT91SAM3UX,At91Sam3Uxx,tcl/target/at91sam3uxx.cfg,MCU,Auto-classified,
Microchip,AT91SAM4X,At91Sam4Xxx,tcl/target/at91sam4XXX.cfg,MCU,Auto-classified,
Microchip,AT91SAM4C32X,At91Sam4C32X,tcl/target/at91sam4c32x.cfg,MCU,Auto-classified,
Microchip,AT91SAM4CX,At91Sam4Cxxx,tcl/target/at91sam4cXXX.cfg,MCU,Auto-classified,
Microchip,AT91SAM4LX,At91Sam4Lxx,tcl/target/at91sam4lXX.cfg,MCU,Auto-classified,
Microchip,AT91SAM4SX,At91Sam4Sxx,tcl/target/at91sam4sXX.cfg,MCU,Auto-classified,
Microchip,AT91SAM4SD32X,At91Sam4Sd32X,tcl/target/at91sam4sd32x.cfg,MCU,Auto-classified,
Microchip,AT91SAM7A2,At91Sam7A2,tcl/target/at91sam7a2.cfg,MCU,Auto-classified,
Microchip,AT91SAM7SE512,At91Sam7Se512,tcl/target/at91sam7se512.cfg,MCU,Auto-classified,
Microchip,AT91SAM7SX,At91Sam7Sx,tcl/target/at91sam7sx.cfg,MCU,Auto-classified,
Microchip,AT91SAM7X256,At91Sam7X256,tcl/target/at91sam7x256.cfg,MCU,Auto-classified,
Microchip,AT91SAM7X512,At91Sam7X512,tcl/target/at91sam7x512.cfg,MCU,Auto-classified,
Microchip,AT91SAM9,At91Sam9,tcl/target/at91sam9.cfg,MCU,Auto-classified,
Microchip,AT91SAM9260,At91Sam9260,tcl/target/at91sam9260.cfg,MCU,Auto-classified,
Microchip,AT91SAM9260,At91Sam9260 Ext Ram Ext Flash,tcl/target/at91sam9260_ext_RAM_ext_flash.cfg,MCU,Auto-classified,
Microchip,AT91SAM9261,At91Sam9261,tcl/target/at91sam9261.cfg,MCU,Auto-classified,
Microchip,AT91SAM9263,At91Sam9263,tcl/target/at91sam9263.cfg,MCU,Auto-classified,
Microchip,AT91SAM9G10,At91Sam9G10,tcl/target/at91sam9g10.cfg,MCU,Auto-classified,
Microchip,AT91SAM9G20,At91Sam9G20,tcl/target/at91sam9g20.cfg,MCU,Auto-classified,
Microchip,AT91SAM9G45,At91Sam9G45,tcl/target/at91sam9g45.cfg,MCU,Auto-classified,
Microchip,AT91SAM9RL,At91Sam9Rl,tcl/target/at91sam9rl.cfg,MCU,Auto-classified,
Microchip,AT91SAMA5D2,At91Sama5D2,tcl/target/at91sama5d2.cfg,MCU,Auto-classified,
Microchip,AT91SAMDX,At91Samdxx,tcl/target/at91samdXX.cfg,MCU,Auto-classified,
Microchip,AT91SAMG5X,At91Samg5X,tcl/target/at91samg5x.cfg,MCU,Auto-classified,
Qualcomm/Atheros,ATHEROS AR2313,Atheros Ar2313,tcl/target/atheros_ar2313.cfg,SoC,Auto-classified,
Qualcomm/Atheros,ATHEROS AR2315,Atheros Ar2315,tcl/target/atheros_ar2315.cfg,SoC,Auto-classified,
Qualcomm/Atheros,ATHEROS AR9331,Atheros Ar9331,tcl/target/atheros_ar9331.cfg,SoC,Auto-classified,
Qualcomm/Atheros,ATHEROS AR9344,Atheros Ar9344,tcl/target/atheros_ar9344.cfg,SoC,Auto-classified,
Microchip,ATMEGA128,Atmega128,tcl/target/atmega128.cfg,MCU,Auto-classified,
Microchip,ATMEGA128,Atmega128Rfa1,tcl/target/atmega128rfa1.cfg,MCU,Auto-classified,
Microchip,ATMEGA32,Atmega32U4,tcl/target/atmega32u4.cfg,MCU,Auto-classified,
Microchip,ATSAME5X,Atsame5X,tcl/target/atsame5x.cfg,MCU,Auto-classified,
Microchip,ATSAML1X,Atsaml1X,tcl/target/atsaml1x.cfg,MCU,Auto-classified,
Microchip,ATSAMV,Atsamv,tcl/target/atsamv.cfg,MCU,Auto-classified,
Microchip,AVR32,Avr32,tcl/target/avr32.cfg,MCU,Auto-classified,
Broadcom,BCM2711,Bcm2711,tcl/target/bcm2711.cfg,SoC,Auto-classified,
Broadcom,BCM281,Bcm281Xx,tcl/target/bcm281xx.cfg,SoC,Auto-classified,
Broadcom,BCM2835,Bcm2835,tcl/target/bcm2835.cfg,SoC,Auto-classified,
Broadcom,BCM2836,Bcm2836,tcl/target/bcm2836.cfg,SoC,Auto-classified,
Broadcom,BCM2837,Bcm2837,tcl/target/bcm2837.cfg,SoC,Auto-classified,
Broadcom,BCM4706,Bcm4706,tcl/target/bcm4706.cfg,SoC,Auto-classified,
Broadcom,BCM4718,Bcm4718,tcl/target/bcm4718.cfg,SoC,Auto-classified,
Broadcom,BCM47,Bcm47Xx,tcl/target/bcm47xx.cfg,SoC,Auto-classified,
Broadcom,BCM5352,Bcm5352E,tcl/target/bcm5352e.cfg,SoC,Auto-classified,
Broadcom,BCM6348,Bcm6348,tcl/target/bcm6348.cfg,SoC,Auto-classified,
Bouffalo Lab,BL602,Bl602,tcl/target/bl602.cfg,Wireless MCU,Auto-classified,
Bouffalo Lab,BL602,Bl602 Common,tcl/target/bl602_common.cfg,Wireless MCU,Internal/helper,
Bouffalo Lab,BL616,Bl616,tcl/target/bl616.cfg,Wireless MCU,Auto-classified,
Bouffalo Lab,BL702,Bl702,tcl/target/bl702.cfg,Wireless MCU,Auto-classified,
Bouffalo Lab,BL702,Bl702L,tcl/target/bl702l.cfg,Wireless MCU,Auto-classified,
Unclassified,BLUEFIELD,Bluefield,tcl/target/bluefield.cfg,Unknown,Needs review,
STMicroelectronics,BLUENRG-X,Bluenrg-X,tcl/target/bluenrg-x.cfg,MCU,Auto-classified,
Infineon/Cypress,C100,C100,tcl/target/c100.cfg,MCU,Auto-classified,
Unclassified,CAVIUM CN61XX,Cavium Cn61Xx,tcl/target/cavium_cn61xx.cfg,Unknown,Needs review,
Unclassified,CS351X,Cs351X,tcl/target/cs351x.cfg,Unknown,Needs review,
Unclassified,DRAGONITE,Dragonite,tcl/target/dragonite.cfg,Unknown,Needs review,
Unclassified,DSP56321,Dsp56321,tcl/target/dsp56321.cfg,DSP,Needs review,
Unclassified,DSP568013,Dsp568013,tcl/target/dsp568013.cfg,DSP,Needs review,
Unclassified,DSP568037,Dsp568037,tcl/target/dsp568037.cfg,DSP,Needs review,
Silicon Labs,EFM32,Efm32,tcl/target/efm32.cfg,MCU,Auto-classified,
Silicon Labs,EM357,Em357,tcl/target/em357.cfg,MCU,Auto-classified,
Silicon Labs,EM358,Em358,tcl/target/em358.cfg,MCU,Auto-classified,
Unclassified,EOS S3,Eos S3,tcl/target/eos_s3.cfg,Unknown,Needs review,
Unclassified,EPC9301,Epc9301,tcl/target/epc9301.cfg,Unknown,Needs review,
Unclassified,ESI32XX,Esi32Xx,tcl/target/esi32xx.cfg,Unknown,Needs review,
Espressif,ESP32,Esp32,tcl/target/esp32.cfg,Wireless MCU,Auto-classified,
Espressif,ESP32C2,Esp32C2,tcl/target/esp32c2.cfg,Wireless MCU,Auto-classified,
Espressif,ESP32C3,Esp32C3,tcl/target/esp32c3.cfg,Wireless MCU,Auto-classified,
Espressif,ESP32C6,Esp32C6,tcl/target/esp32c6.cfg,Wireless MCU,Auto-classified,
Espressif,ESP32H2,Esp32H2,tcl/target/esp32h2.cfg,Wireless MCU,Auto-classified,
Espressif,ESP32S2,Esp32S2,tcl/target/esp32s2.cfg,Wireless MCU,Auto-classified,
Espressif,ESP32S3,Esp32S3,tcl/target/esp32s3.cfg,Wireless MCU,Auto-classified,
Espressif,ESP,Esp Common,tcl/target/esp_common.cfg,Wireless MCU,Internal/helper,
Samsung,EXYNOS5250,Exynos5250,tcl/target/exynos5250.cfg,SoC,Auto-classified,
Unclassified,FAUX,Faux,tcl/target/faux.cfg,Unknown,Internal/helper,
Unclassified,FEROCEON,Feroceon,tcl/target/feroceon.cfg,Unknown,Internal/helper,
Cypress/Fujitsu,FM3,Fm3,tcl/target/fm3.cfg,MCU,Auto-classified,
Cypress/Fujitsu,FM4,Fm4,tcl/target/fm4.cfg,MCU,Auto-classified,
Cypress/Fujitsu,FM4 MB9BF,Fm4 Mb9Bf,tcl/target/fm4_mb9bf.cfg,MCU,Auto-classified,
Cypress/Fujitsu,FM4 S6E2CC,Fm4 S6E2Cc,tcl/target/fm4_s6e2cc.cfg,MCU,Auto-classified,
Geehy,APM32F0X,Apm32F0X,tcl/target/geehy/apm32f0x.cfg,MCU,Auto-classified,
Geehy,APM32F1X,Apm32F1X,tcl/target/geehy/apm32f1x.cfg,MCU,Auto-classified,
Geehy,APM32F4X,Apm32F4X,tcl/target/geehy/apm32f4x.cfg,MCU,Auto-classified,
GigaDevice,GD32E23X,Gd32E23X,tcl/target/gigadevice/gd32e23x.cfg,MCU,Auto-classified,
GigaDevice,GD32VF103,Gd32Vf103,tcl/target/gigadevice/gd32vf103.cfg,MCU,Auto-classified,
Unclassified,GP326XXXA,Gp326Xxxa,tcl/target/gp326xxxa.cfg,Unknown,Needs review,
Unclassified,HI3798,Hi3798,tcl/target/hi3798.cfg,Unknown,Needs review,
Unclassified,HI6220,Hi6220,tcl/target/hi6220.cfg,Unknown,Needs review,
Unclassified,HILSCHER NETX10,Hilscher Netx10,tcl/target/hilscher_netx10.cfg,Unknown,Needs review,
Unclassified,HILSCHER NETX50,Hilscher Netx50,tcl/target/hilscher_netx50.cfg,Unknown,Needs review,
Unclassified,HILSCHER NETX500,Hilscher Netx500,tcl/target/hilscher_netx500.cfg,Unknown,Needs review,
Holtek,HT32F4X,Ht32F4X,tcl/target/holtek/ht32f4x.cfg,MCU,Auto-classified,
HPMicro,HPM5300,Hpm5300,tcl/target/hpmicro/hpm5300.cfg,MCU,Auto-classified,
HPMicro,HPM6280-DUAL-CORE,Hpm6280-Dual-Core,tcl/target/hpmicro/hpm6280-dual-core.cfg,MCU,Auto-classified,
HPMicro,HPM6280-SINGLE-CORE,Hpm6280-Single-Core,tcl/target/hpmicro/hpm6280-single-core.cfg,MCU,Auto-classified,
HPMicro,HPM6360,Hpm6360,tcl/target/hpmicro/hpm6360.cfg,MCU,Auto-classified,
HPMicro,HPM6750-DUAL-CORE,Hpm6750-Dual-Core,tcl/target/hpmicro/hpm6750-dual-core.cfg,MCU,Auto-classified,
HPMicro,HPM6750-SINGLE-CORE,Hpm6750-Single-Core,tcl/target/hpmicro/hpm6750-single-core.cfg,MCU,Auto-classified,
HPMicro,HPM6880,Hpm6880,tcl/target/hpmicro/hpm6880.cfg,MCU,Auto-classified,
HPMicro,HPM6E80-DUAL-CORE,Hpm6E80-Dual-Core,tcl/target/hpmicro/hpm6e80-dual-core.cfg,MCU,Auto-classified,
HPMicro,HPM6E80-SINGLE-CORE,Hpm6E80-Single-Core,tcl/target/hpmicro/hpm6e80-single-core.cfg,MCU,Auto-classified,
HPMicro,HPM,Hpm Common,tcl/target/hpmicro/hpm_common.cfg,MCU,Auto-classified,
HPMicro,HPM COMMON CSR,Hpm Common Csr,tcl/target/hpmicro/hpm_common_csr.cfg,MCU,Auto-classified,
HPMicro,HPM COMMON CSR LITE,Hpm Common Csr Lite,tcl/target/hpmicro/hpm_common_csr_lite.cfg,MCU,Auto-classified,
HPMicro,HPM RESET,Hpm Reset,tcl/target/hpmicro/hpm_reset.cfg,MCU,Auto-classified,
NXP,IMX,Imx,tcl/target/imx.cfg,MCU,Internal/helper,
NXP,IMX21,Imx21,tcl/target/imx21.cfg,MCU,Auto-classified,
NXP,IMX25,Imx25,tcl/target/imx25.cfg,MCU,Auto-classified,
NXP,IMX27,Imx27,tcl/target/imx27.cfg,MCU,Auto-classified,
NXP,IMX28,Imx28,tcl/target/imx28.cfg,MCU,Auto-classified,
NXP,IMX31,Imx31,tcl/target/imx31.cfg,MCU,Auto-classified,
NXP,IMX35,Imx35,tcl/target/imx35.cfg,MCU,Auto-classified,
NXP,IMX51,Imx51,tcl/target/imx51.cfg,MCU,Auto-classified,
NXP,IMX53,Imx53,tcl/target/imx53.cfg,MCU,Auto-classified,
NXP,IMX6,Imx6,tcl/target/imx6.cfg,MCU,Auto-classified,
NXP,IMX6SX,Imx6Sx,tcl/target/imx6sx.cfg,MCU,Auto-classified,
NXP,IMX6UL,Imx6Ul,tcl/target/imx6ul.cfg,MCU,Auto-classified,
NXP,IMX7,Imx7,tcl/target/imx7.cfg,MCU,Auto-classified,
NXP,IMX7ULP,Imx7Ulp,tcl/target/imx7ulp.cfg,MCU,Auto-classified,
NXP,IMX8M,Imx8M,tcl/target/imx8m.cfg,MCU,Auto-classified,
NXP,IMX8MP,Imx8Mp,tcl/target/imx8mp.cfg,MCU,Auto-classified,
NXP,IMX8QM,Imx8Qm,tcl/target/imx8qm.cfg,MCU,Auto-classified,
Infineon,TLE987X,Tle987X,tcl/target/infineon/tle987x.cfg,MCU,Auto-classified,
Unclassified,IS5114,Is5114,tcl/target/is5114.cfg,Unknown,Needs review,
Unclassified,IXP42X,Ixp42X,tcl/target/ixp42x.cfg,Unknown,Needs review,
NXP,K1921VK01T,K1921Vk01T,tcl/target/k1921vk01t.cfg,MCU,Auto-classified,
NXP,K40,K40,tcl/target/k40.cfg,MCU,Auto-classified,
NXP,K60,K60,tcl/target/k60.cfg,MCU,Auto-classified,
NXP,KE0X,Ke0X,tcl/target/ke0x.cfg,MCU,Auto-classified,
NXP,KE1XF,Ke1Xf,tcl/target/ke1xf.cfg,MCU,Auto-classified,
NXP,KE1XZ,Ke1Xz,tcl/target/ke1xz.cfg,MCU,Auto-classified,
NXP,KL25,Kl25,tcl/target/kl25.cfg,MCU,Auto-classified,
NXP,KL46,Kl46,tcl/target/kl46.cfg,MCU,Auto-classified,
Unclassified,KLX,Klx,tcl/target/klx.cfg,Unknown,Internal/helper,
Unclassified,KS869X,Ks869X,tcl/target/ks869x.cfg,Unknown,Needs review,
Unclassified,KX,Kx,tcl/target/kx.cfg,Unknown,Internal/helper,
NXP,LPC11,Lpc11Xx,tcl/target/lpc11xx.cfg,MCU,Auto-classified,
NXP,LPC12,Lpc12Xx,tcl/target/lpc12xx.cfg,MCU,Auto-classified,
NXP,LPC13,Lpc13Xx,tcl/target/lpc13xx.cfg,MCU,Auto-classified,
NXP,LPC17,Lpc17Xx,tcl/target/lpc17xx.cfg,MCU,Auto-classified,
NXP,LPC18,Lpc1850,tcl/target/lpc1850.cfg,MCU,Auto-classified,
NXP,LPC1XXX,Lpc1Xxx,tcl/target/lpc1xxx.cfg,MCU,Internal/helper,
NXP,LPC21,Lpc2103,tcl/target/lpc2103.cfg,MCU,Auto-classified,
NXP,LPC21,Lpc2124,tcl/target/lpc2124.cfg,MCU,Auto-classified,
NXP,LPC21,Lpc2129,tcl/target/lpc2129.cfg,MCU,Auto-classified,
NXP,LPC21,Lpc2148,tcl/target/lpc2148.cfg,MCU,Auto-classified,
NXP,LPC22,Lpc2294,tcl/target/lpc2294.cfg,MCU,Auto-classified,
NXP,LPC23,Lpc2378,tcl/target/lpc2378.cfg,MCU,Auto-classified,
NXP,LPC24,Lpc2460,tcl/target/lpc2460.cfg,MCU,Auto-classified,
NXP,LPC24,Lpc2478,tcl/target/lpc2478.cfg,MCU,Auto-classified,
NXP,LPC29,Lpc2900,tcl/target/lpc2900.cfg,MCU,Auto-classified,
NXP,LPC2XXX,Lpc2Xxx,tcl/target/lpc2xxx.cfg,MCU,Internal/helper,
NXP,LPC31,Lpc3131,tcl/target/lpc3131.cfg,MCU,Auto-classified,
NXP,LPC32,Lpc3250,tcl/target/lpc3250.cfg,MCU,Auto-classified,
NXP,LPC40,Lpc40Xx,tcl/target/lpc40xx.cfg,MCU,Auto-classified,
NXP,LPC43,Lpc4350,tcl/target/lpc4350.cfg,MCU,Auto-classified,
NXP,LPC43,Lpc4357,tcl/target/lpc4357.cfg,MCU,Auto-classified,
NXP,LPC43,Lpc4370,tcl/target/lpc4370.cfg,MCU,Auto-classified,
NXP,LPC84,Lpc84X,tcl/target/lpc84x.cfg,MCU,Auto-classified,
NXP,LPC8NXX,Lpc8Nxx,tcl/target/lpc8nxx.cfg,MCU,Auto-classified,
NXP,LPC8XX,Lpc8Xx,tcl/target/lpc8xx.cfg,MCU,Auto-classified,
NXP,LS1012A,Ls1012A,tcl/target/ls1012a.cfg,SoC,Auto-classified,
NXP,LS1028A,Ls1028A,tcl/target/ls1028a.cfg,SoC,Auto-classified,
NXP,LS1046A,Ls1046A,tcl/target/ls1046a.cfg,SoC,Auto-classified,
NXP,LS1088A,Ls1088A,tcl/target/ls1088a.cfg,SoC,Auto-classified,
NXP,LSCH3,Lsch3 Common,tcl/target/lsch3_common.cfg,SoC,Internal/helper,
Marvell,88F3710,88F3710,tcl/target/marvell/88f3710.cfg,SoC,Auto-classified,
Marvell,88F3720,88F3720,tcl/target/marvell/88f3720.cfg,SoC,Auto-classified,
Marvell,88F37X0,88F37X0,tcl/target/marvell/88f37x0.cfg,SoC,Auto-classified,
Marvell,CN9130,Cn9130,tcl/target/marvell/cn9130.cfg,SoC,Auto-classified,
Analog Devices,MAX32620,Max32620,tcl/target/max32620.cfg,MCU,Auto-classified,
Analog Devices,MAX32625,Max32625,tcl/target/max32625.cfg,MCU,Auto-classified,
Analog Devices,MAX3263,Max3263X,tcl/target/max3263x.cfg,MCU,Auto-classified,
Analog Devices,MAX32650,Max32650,tcl/target/max32650.cfg,MCU,Auto-classified,
Analog Devices,MAX32655,Max32655,tcl/target/max32655.cfg,MCU,Auto-classified,
Analog Devices,MAX32660,Max32660,tcl/target/max32660.cfg,MCU,Auto-classified,
Analog Devices,MAX32662,Max32662,tcl/target/max32662.cfg,MCU,Auto-classified,
Analog Devices,MAX32670,Max32670,tcl/target/max32670.cfg,MCU,Auto-classified,
Analog Devices,MAX32672,Max32672,tcl/target/max32672.cfg,MCU,Auto-classified,
Analog Devices,MAX32675,Max32675,tcl/target/max32675.cfg,MCU,Auto-classified,
Analog Devices,MAX32680,Max32680,tcl/target/max32680.cfg,MCU,Auto-classified,
Analog Devices,MAX32690,Max32690,tcl/target/max32690.cfg,MCU,Auto-classified,
Analog Devices,MAX32XXX,Max32Xxx Common,tcl/target/max32xxx_common.cfg,MCU,Internal/helper,
Unclassified,MC13224V,Mc13224V,tcl/target/mc13224v.cfg,Unknown,Needs review,
Unclassified,MDR32F9Q2I,Mdr32F9Q2I,tcl/target/mdr32f9q2i.cfg,Unknown,Needs review,
Microchip,MPFS,Mpfs,tcl/target/microchip/mpfs.cfg,MCU,Auto-classified,
Microchip,PIC64GX,Pic64Gx,tcl/target/microchip/pic64gx.cfg,MCU,Auto-classified,
Microchip,SAMA7D6,Sama7D6,tcl/target/microchip/sama7d6.cfg,MCU,Auto-classified,
Microchip,SAMA7G5,Sama7G5,tcl/target/microchip/sama7g5.cfg,MCU,Auto-classified,
Unclassified,NDS32V5,Nds32V5,tcl/target/nds32v5.cfg,Unknown,Internal/helper,
Unclassified,NETL XLP304,Netl Xlp304,tcl/target/netl_xlp304.cfg,Unknown,Needs review,
Unclassified,NETL XLP308,Netl Xlp308,tcl/target/netl_xlp308.cfg,Unknown,Needs review,
Unclassified,NETL XLP316,Netl Xlp316,tcl/target/netl_xlp316.cfg,Unknown,Needs review,
Unclassified,NETL XLP3XX,Netl Xlp3Xx,tcl/target/netl_xlp3xx.cfg,Unknown,Needs review,
Unclassified,NGULTRA,Ngultra,tcl/target/ngultra.cfg,Unknown,Needs review,
NXP,NHS31XX,Nhs31Xx,tcl/target/nhs31xx.cfg,MCU,Auto-classified,
Nordic Semiconductor,COMMON,Common,tcl/target/nordic/common.cfg,Wireless MCU,Auto-classified,
Nordic Semiconductor,NRF51,Nrf51,tcl/target/nordic/nrf51.cfg,Wireless MCU,Auto-classified,
Nordic Semiconductor,NRF52,Nrf52,tcl/target/nordic/nrf52.cfg,Wireless MCU,Auto-classified,
Nordic Semiconductor,NRF53,Nrf53,tcl/target/nordic/nrf53.cfg,Wireless MCU,Auto-classified,
Nordic Semiconductor,NRF54,Nrf54L,tcl/target/nordic/nrf54l.cfg,Wireless MCU,Auto-classified,
Nordic Semiconductor,NRF91,Nrf91,tcl/target/nordic/nrf91.cfg,Wireless MCU,Auto-classified,
Nuvoton,NPCX,Npcx,tcl/target/npcx.cfg,MCU,Auto-classified,
Nuvoton,NUC910,Nuc910,tcl/target/nuc910.cfg,MCU,Auto-classified,
Nuvoton,NUMICRO,Numicro,tcl/target/numicro.cfg,MCU,Auto-classified,
Nuvoton,NUMICRO,Numicro M4,tcl/target/numicro_m4.cfg,MCU,Auto-classified,
NXP,LX2160A,Lx2160A,tcl/target/nxp/lx2160a.cfg,MCU,Auto-classified,
Unclassified,OR1K,Or1K,tcl/target/or1k.cfg,Unknown,Internal/helper,
Microchip,PIC32MX,Pic32Mx,tcl/target/pic32mx.cfg,MCU,Auto-classified,
Infineon,PSOC4,Psoc4,tcl/target/psoc4.cfg,MCU,Auto-classified,
Infineon,PSOC5,Psoc5Lp,tcl/target/psoc5lp.cfg,MCU,Auto-classified,
Infineon,PSOC6,Psoc6,tcl/target/psoc6.cfg,MCU,Auto-classified,
Unclassified,PXA255,Pxa255,tcl/target/pxa255.cfg,Unknown,Needs review,
Unclassified,PXA270,Pxa270,tcl/target/pxa270.cfg,Unknown,Needs review,
Unclassified,PXA3XX,Pxa3Xx,tcl/target/pxa3xx.cfg,Unknown,Needs review,
NXP,QN908X,Qn908X,tcl/target/qn908x.cfg,MCU,Auto-classified,
Qualcomm,AGATTI,Agatti,tcl/target/qualcomm/agatti.cfg,SoC,Auto-classified,
Qualcomm,COMMON,Common,tcl/target/qualcomm/common.cfg,SoC,Auto-classified,
Qualcomm,QCS6490,Qcs6490,tcl/target/qualcomm/qcs6490.cfg,SoC,Auto-classified,
Qualcomm/Atheros,QUALCOMM QCA4531,Qualcomm Qca4531,tcl/target/qualcomm_qca4531.cfg,SoC,Auto-classified,
Intel,QUARK D20XX,Quark D20Xx,tcl/target/quark_d20xx.cfg,MCU,Auto-classified,
Intel,QUARK X10XX,Quark X10Xx,tcl/target/quark_x10xx.cfg,MCU,Auto-classified,
Renesas,RENESAS_R7S72100,Renesas R7S72100,tcl/target/renesas_r7s72100.cfg,MCU,Auto-classified,
Renesas,RENESAS_RCAR,Renesas Rcar Gen2,tcl/target/renesas_rcar_gen2.cfg,MCU,Auto-classified,
Renesas,RENESAS_RCAR,Renesas Rcar Gen3,tcl/target/renesas_rcar_gen3.cfg,MCU,Auto-classified,
Renesas,RENESAS_RCAR,Renesas Rcar Reset Common,tcl/target/renesas_rcar_reset_common.cfg,MCU,Internal/helper,
Renesas,RENESAS_RZ,Renesas Rz,tcl/target/renesas_rz.cfg,MCU,Auto-classified,
Renesas,RENESAS_RZ,Renesas Rz Five,tcl/target/renesas_rz_five.cfg,MCU,Auto-classified,
Renesas,RENESAS_S7G2,Renesas S7G2,tcl/target/renesas_s7g2.cfg,MCU,Auto-classified,
Rockchip,RK3308,Rk3308,tcl/target/rk3308.cfg,SoC,Auto-classified,
Rockchip,RK3399,Rk3399,tcl/target/rk3399.cfg,SoC,Auto-classified,
Rockchip,RK3588,Rk3588,tcl/target/rk3588.cfg,SoC,Auto-classified,
Raspberry Pi,RP2040,Rp2040,tcl/target/rp2040.cfg,MCU,Auto-classified,
Raspberry Pi,RP2350,Rp2350,tcl/target/rp2350.cfg,MCU,Auto-classified,
Unclassified,RSL10,Rsl10,tcl/target/rsl10.cfg,Unknown,Needs review,
Unclassified,RTL872XD,Rtl872Xd,tcl/target/rtl872xd.cfg,Unknown,Needs review,
NXP,S32K,S32K,tcl/target/s32k.cfg,MCU,Auto-classified,
Samsung,SAMSUNG S3C2410,Samsung S3C2410,tcl/target/samsung_s3c2410.cfg,SoC,Auto-classified,
Samsung,SAMSUNG S3C2440,Samsung S3C2440,tcl/target/samsung_s3c2440.cfg,SoC,Auto-classified,
Samsung,SAMSUNG S3C2450,Samsung S3C2450,tcl/target/samsung_s3c2450.cfg,SoC,Auto-classified,
Samsung,SAMSUNG S3C4510,Samsung S3C4510,tcl/target/samsung_s3c4510.cfg,SoC,Auto-classified,
Samsung,SAMSUNG S3C6410,Samsung S3C6410,tcl/target/samsung_s3c6410.cfg,SoC,Auto-classified,
Unclassified,SHARP LH79532,Sharp Lh79532,tcl/target/sharp_lh79532.cfg,Unknown,Needs review,
Silicon Labs,SERIES0,Series0,tcl/target/silabs/series0.cfg,MCU,Auto-classified,
Silicon Labs,SERIES1,Series1,tcl/target/silabs/series1.cfg,MCU,Auto-classified,
Silicon Labs,SERIES2,Series2,tcl/target/silabs/series2.cfg,MCU,Auto-classified,
Silicon Labs,XG21,Xg21,tcl/target/silabs/xg21.cfg,MCU,Auto-classified,
Silicon Labs,XG23,Xg23,tcl/target/silabs/xg23.cfg,MCU,Auto-classified,
Silicon Labs,XG24,Xg24,tcl/target/silabs/xg24.cfg,MCU,Auto-classified,
Silicon Labs,XG25,Xg25,tcl/target/silabs/xg25.cfg,MCU,Auto-classified,
Silicon Labs,XG26,Xg26,tcl/target/silabs/xg26.cfg,MCU,Auto-classified,
Silicon Labs,XG28,Xg28,tcl/target/silabs/xg28.cfg,MCU,Auto-classified,
Silicon Labs,XG29,Xg29,tcl/target/silabs/xg29.cfg,MCU,Auto-classified,
Silicon Labs,SIM3X,Sim3X,tcl/target/sim3x.cfg,MCU,Auto-classified,
Unclassified,SMP8634,Smp8634,tcl/target/smp8634.cfg,Unknown,Needs review,
Unclassified,SNPS EM SK FPGA,Snps Em Sk Fpga,tcl/target/snps_em_sk_fpga.cfg,FPGA/SoC,Needs review,
Unclassified,SNPS HSDK,Snps Hsdk,tcl/target/snps_hsdk.cfg,Unknown,Needs review,
Unclassified,SNPS HSDK 4XD,Snps Hsdk 4Xd,tcl/target/snps_hsdk_4xd.cfg,Unknown,Needs review,
Unclassified,SPACEMIT-K1,Spacemit-K1,tcl/target/spacemit-k1.cfg,Unknown,Needs review,
Unclassified,SPACEMIT-K3,Spacemit-K3,tcl/target/spacemit-k3.cfg,Unknown,Needs review,
Unclassified,SPEAR3XX,Spear3Xx,tcl/target/spear3xx.cfg,Unknown,Needs review,
STMicroelectronics,STM32MP13X,Stm32Mp13X,tcl/target/st/stm32mp13x.cfg,MCU,Auto-classified,
STMicroelectronics,STM32MP15X,Stm32Mp15X,tcl/target/st/stm32mp15x.cfg,MCU,Auto-classified,
STMicroelectronics,STM32MP21X,Stm32Mp21X,tcl/target/st/stm32mp21x.cfg,MCU,Auto-classified,
STMicroelectronics,STM32MP23X,Stm32Mp23X,tcl/target/st/stm32mp23x.cfg,MCU,Auto-classified,
STMicroelectronics,STM32MP25X,Stm32Mp25X,tcl/target/st/stm32mp25x.cfg,MCU,Auto-classified,
STMicroelectronics,STM32C0,Stm32C0X,tcl/target/stm32c0x.cfg,MCU,Auto-classified,
STMicroelectronics,STM32F0,Stm32F0X,tcl/target/stm32f0x.cfg,MCU,Auto-classified,
STMicroelectronics,STM32F1,Stm32F1X,tcl/target/stm32f1x.cfg,MCU,Auto-classified,
STMicroelectronics,STM32F2,Stm32F2X,tcl/target/stm32f2x.cfg,MCU,Auto-classified,
STMicroelectronics,STM32F3,Stm32F3X,tcl/target/stm32f3x.cfg,MCU,Auto-classified,
STMicroelectronics,STM32F4,Stm32F4X,tcl/target/stm32f4x.cfg,MCU,Auto-classified,
STMicroelectronics,STM32F7,Stm32F7X,tcl/target/stm32f7x.cfg,MCU,Auto-classified,
STMicroelectronics,STM32G0,Stm32G0X,tcl/target/stm32g0x.cfg,MCU,Auto-classified,
STMicroelectronics,STM32G4,Stm32G4X,tcl/target/stm32g4x.cfg,MCU,Auto-classified,
STMicroelectronics,STM32H7,Stm32H7Rsx,tcl/target/stm32h7rsx.cfg,MCU,Auto-classified,
STMicroelectronics,STM32H7,Stm32H7X,tcl/target/stm32h7x.cfg,MCU,Auto-classified,
STMicroelectronics,STM32H7,Stm32H7X Dual Bank,tcl/target/stm32h7x_dual_bank.cfg,MCU,Auto-classified,
STMicroelectronics,STM32L0,Stm32L0,tcl/target/stm32l0.cfg,MCU,Auto-classified,
STMicroelectronics,STM32L0,Stm32L0 Dual Bank,tcl/target/stm32l0_dual_bank.cfg,MCU,Auto-classified,
STMicroelectronics,STM32L1,Stm32L1,tcl/target/stm32l1.cfg,MCU,Auto-classified,
STMicroelectronics,STM32L1,Stm32L1X Dual Bank,tcl/target/stm32l1x_dual_bank.cfg,MCU,Auto-classified,
STMicroelectronics,STM32L4,Stm32L4X,tcl/target/stm32l4x.cfg,MCU,Auto-classified,
STMicroelectronics,STM32L5,Stm32L5X,tcl/target/stm32l5x.cfg,MCU,Auto-classified,
STMicroelectronics,STM32N6,Stm32N6X,tcl/target/stm32n6x.cfg,MCU,Auto-classified,
STMicroelectronics,STM32U0,Stm32U0X,tcl/target/stm32u0x.cfg,MCU,Auto-classified,
STMicroelectronics,STM32U3,Stm32U3X,tcl/target/stm32u3x.cfg,MCU,Auto-classified,
STMicroelectronics,STM32U5,Stm32U5X,tcl/target/stm32u5x.cfg,MCU,Auto-classified,
STMicroelectronics,STM32W108,Stm32W108Xx,tcl/target/stm32w108xx.cfg,MCU,Auto-classified,
STMicroelectronics,STM32WBA2X,Stm32Wba2X,tcl/target/stm32wba2x.cfg,MCU,Auto-classified,
STMicroelectronics,STM32WBA5X,Stm32Wba5X,tcl/target/stm32wba5x.cfg,MCU,Auto-classified,
STMicroelectronics,STM32WBA6X,Stm32Wba6X,tcl/target/stm32wba6x.cfg,MCU,Auto-classified,
STMicroelectronics,STM32WBX,Stm32Wbx,tcl/target/stm32wbx.cfg,MCU,Auto-classified,
STMicroelectronics,STM32WLX,Stm32Wlx,tcl/target/stm32wlx.cfg,MCU,Auto-classified,
STMicroelectronics,STM32X5,Stm32X5X Common,tcl/target/stm32x5x_common.cfg,MCU,Internal/helper,
STMicroelectronics,STM32XL,Stm32Xl,tcl/target/stm32xl.cfg,MCU,Auto-classified,
STMicroelectronics,STM8L,Stm8L,tcl/target/stm8l.cfg,MCU,Auto-classified,
STMicroelectronics,STM8L,Stm8L151X2,tcl/target/stm8l151x2.cfg,MCU,Auto-classified,
STMicroelectronics,STM8L,Stm8L151X3,tcl/target/stm8l151x3.cfg,MCU,Auto-classified,
STMicroelectronics,STM8L,Stm8L152,tcl/target/stm8l152.cfg,MCU,Auto-classified,
STMicroelectronics,STM8L,Stm8L15Xx4,tcl/target/stm8l15xx4.cfg,MCU,Auto-classified,
STMicroelectronics,STM8L,Stm8L15Xx6,tcl/target/stm8l15xx6.cfg,MCU,Auto-classified,
STMicroelectronics,STM8L,Stm8L15Xx8,tcl/target/stm8l15xx8.cfg,MCU,Auto-classified,
STMicroelectronics,STM8S,Stm8S,tcl/target/stm8s.cfg,MCU,Auto-classified,
STMicroelectronics,STM8S,Stm8S003,tcl/target/stm8s003.cfg,MCU,Auto-classified,
STMicroelectronics,STM8S,Stm8S103,tcl/target/stm8s103.cfg,MCU,Auto-classified,
STMicroelectronics,STM8S,Stm8S105,tcl/target/stm8s105.cfg,MCU,Auto-classified,
STMicroelectronics,STR710,Str710,tcl/target/str710.cfg,MCU,Auto-classified,
STMicroelectronics,STR730,Str730,tcl/target/str730.cfg,MCU,Auto-classified,
STMicroelectronics,STR750,Str750,tcl/target/str750.cfg,MCU,Auto-classified,
STMicroelectronics,STR912,Str912,tcl/target/str912.cfg,MCU,Auto-classified,
Unclassified,SWM050,Swm050,tcl/target/swm050.cfg,Unknown,Needs review,
Unclassified,TEST,Test Reset Syntax Error,tcl/target/test_reset_syntax_error.cfg,Unknown,Internal/helper,
Unclassified,TEST SYNTAX ERROR,Test Syntax Error,tcl/target/test_syntax_error.cfg,Unknown,Internal/helper,
Texas Instruments,AM335X,Am335X,tcl/target/ti/am335x.cfg,MCU,Auto-classified,
Texas Instruments,AM437X,Am437X,tcl/target/ti/am437x.cfg,MCU,Auto-classified,
Texas Instruments,AMDM37X,Amdm37X,tcl/target/ti/amdm37x.cfg,MCU,Auto-classified,
Texas Instruments,AR7,Ar7,tcl/target/ti/ar7.cfg,MCU,Auto-classified,
Texas Instruments,CALYPSO,Calypso,tcl/target/ti/calypso.cfg,MCU,Auto-classified,
Texas Instruments,CC13,Cc13X0,tcl/target/ti/cc13x0.cfg,MCU,Auto-classified,
Texas Instruments,CC13,Cc13X2,tcl/target/ti/cc13x2.cfg,MCU,Auto-classified,
Texas Instruments,CC2538,Cc2538,tcl/target/ti/cc2538.cfg,MCU,Auto-classified,
Texas Instruments,CC26,Cc26X0,tcl/target/ti/cc26x0.cfg,MCU,Auto-classified,
Texas Instruments,CC26,Cc26X2,tcl/target/ti/cc26x2.cfg,MCU,Auto-classified,
Texas Instruments,CC26,Cc26X2X7,tcl/target/ti/cc26x2x7.cfg,MCU,Auto-classified,
Texas Instruments,CC3220,Cc3220Sf,tcl/target/ti/cc3220sf.cfg,MCU,Auto-classified,
Texas Instruments,CC32,Cc32Xx,tcl/target/ti/cc32xx.cfg,MCU,Auto-classified,
Texas Instruments,CJTAG,Cjtag,tcl/target/ti/cjtag.cfg,MCU,Auto-classified,
Texas Instruments,DAVINCI,Davinci,tcl/target/ti/davinci.cfg,MCU,Auto-classified,
Texas Instruments,DM355,Dm355,tcl/target/ti/dm355.cfg,MCU,Auto-classified,
Texas Instruments,DM365,Dm365,tcl/target/ti/dm365.cfg,MCU,Auto-classified,
Texas Instruments,DM6446,Dm6446,tcl/target/ti/dm6446.cfg,MCU,Auto-classified,
Texas Instruments,ICEPICK,Icepick,tcl/target/ti/icepick.cfg,MCU,Auto-classified,
Texas Instruments,K3,K3,tcl/target/ti/k3.cfg,MCU,Auto-classified,
Texas Instruments,MSP432,Msp432,tcl/target/ti/msp432.cfg,MCU,Auto-classified,
Texas Instruments,MSPM0,Mspm0,tcl/target/ti/mspm0.cfg,MCU,Auto-classified,
Texas Instruments,OMAP2420,Omap2420,tcl/target/ti/omap2420.cfg,MCU,Auto-classified,
Texas Instruments,OMAP3530,Omap3530,tcl/target/ti/omap3530.cfg,MCU,Auto-classified,
Texas Instruments,OMAP4430,Omap4430,tcl/target/ti/omap4430.cfg,MCU,Auto-classified,
Texas Instruments,OMAP4460,Omap4460,tcl/target/ti/omap4460.cfg,MCU,Auto-classified,
Texas Instruments,OMAP5912,Omap5912,tcl/target/ti/omap5912.cfg,MCU,Auto-classified,
Texas Instruments,OMAPL138,Omapl138,tcl/target/ti/omapl138.cfg,MCU,Auto-classified,
Texas Instruments,RM4X,Rm4X,tcl/target/ti/rm4x.cfg,MCU,Auto-classified,
Texas Instruments,STELLARIS,Stellaris,tcl/target/ti/stellaris.cfg,MCU,Auto-classified,
Texas Instruments,TMS570,Tms570,tcl/target/ti/tms570.cfg,MCU,Auto-classified,
Texas Instruments,TMS570LC43XX,Tms570Lc43Xx,tcl/target/ti/tms570lc43xx.cfg,MCU,Auto-classified,
Texas Instruments,TMS570LS1X,Tms570Ls1X,tcl/target/ti/tms570ls1x.cfg,MCU,Auto-classified,
Texas Instruments,TMS570LS20XXX,Tms570Ls20Xxx,tcl/target/ti/tms570ls20xxx.cfg,MCU,Auto-classified,
Texas Instruments,TMS570LS3137,Tms570Ls3137,tcl/target/ti/tms570ls3137.cfg,MCU,Auto-classified,
Unclassified,TMPA900,Tmpa900,tcl/target/tmpa900.cfg,Unknown,Internal/helper,
Unclassified,TMPA910,Tmpa910,tcl/target/tmpa910.cfg,Unknown,Internal/helper,
Unclassified,TNETC4401,Tnetc4401,tcl/target/tnetc4401.cfg,Unknown,Needs review,
Unclassified,U8500,U8500,tcl/target/u8500.cfg,Unknown,Needs review,
Unclassified,VD AARCH64,Vd Aarch64,tcl/target/vd_aarch64.cfg,Unknown,Internal/helper,
Unclassified,VD CORTEX M,Vd Cortex M,tcl/target/vd_cortex_m.cfg,Unknown,Internal/helper,
Unclassified,VD RISCV,Vd Riscv,tcl/target/vd_riscv.cfg,Unknown,Internal/helper,
NXP,VYBRID VF6XX,Vybrid Vf6Xx,tcl/target/vybrid_vf6xx.cfg,MCU,Auto-classified,
AMD/Xilinx,XILINX ZYNQMP,Xilinx Zynqmp,tcl/target/xilinx_zynqmp.cfg,FPGA SoC,Auto-classified,
AMD/Xilinx,ZYNQ-7000,Zynq-7000,tcl/target/xlnx/zynq-7000.cfg,FPGA SoC,Auto-classified,
Infineon,XMC1,Xmc1Xxx,tcl/target/xmc1xxx.cfg,MCU,Auto-classified,
Infineon,XMC4,Xmc4Xxx,tcl/target/xmc4xxx.cfg,MCU,Auto-classified,
XMOS,XMOS XS1-XAU8A-10,Xmos Xs1-Xau8A-10 Arm,tcl/target/xmos_xs1-xau8a-10_arm.cfg,MCU,Auto-classified,
Espressif,XTENSA-CORE-ESP32,Xtensa-Core-Esp32,tcl/target/xtensa-core-esp32.cfg,Wireless MCU,Auto-classified,
Espressif,XTENSA-CORE-ESP32S2,Xtensa-Core-Esp32S2,tcl/target/xtensa-core-esp32s2.cfg,Wireless MCU,Auto-classified,
Espressif,XTENSA-CORE-ESP32S3,Xtensa-Core-Esp32S3,tcl/target/xtensa-core-esp32s3.cfg,Wireless MCU,Auto-classified,
Unclassified,XTENSA-CORE-NXP RT600,Xtensa-Core-Nxp Rt600,tcl/target/xtensa-core-nxp_rt600.cfg,Unknown,Needs review,
Unclassified,XTENSA-CORE-XT8,Xtensa-Core-Xt8,tcl/target/xtensa-core-xt8.cfg,Unknown,Needs review,
Unclassified,XTENSA,Xtensa,tcl/target/xtensa.cfg,Unknown,Internal/helper,
Unclassified,К1879XБ1Я,К1879Xб1Я,tcl/target/к1879xб1я.cfg,Unknown,Needs review,
