family,exact_icpn,marketing_status,source_surface,source_url
STM32C5,STM32C531CBT6,Active,ST official eStore Active exact part listing,https://estore.st.com/en/products/microcontrollers-microprocessors/stm32-32-bit-arm-cortex-mcus/stm32-mainstream-mcus/stm32c5-series/stm32c53x-542.html
STM32H5,STM32H503CBT6,Active,Quality and Reliability exact-ICPN row,https://www.st.com/en/microcontrollers-microprocessors/stm32h503cb.html
STM32H5,STM32H503CBT7,Active,Quality and Reliability exact-ICPN row,https://www.st.com/en/microcontrollers-microprocessors/stm32h503cb.html
STM32H5,STM32H503CBT7TR,Active,Quality and Reliability exact-ICPN row,https://www.st.com/en/microcontrollers-microprocessors/stm32h503cb.html
STM32H5,STM32H503CBU6,Active,Quality and Reliability exact-ICPN row,https://www.st.com/en/microcontrollers-microprocessors/stm32h503cb.html
STM32H5,STM32H503CBU6TR,Active,Quality and Reliability exact-ICPN row,https://www.st.com/en/microcontrollers-microprocessors/stm32h503cb.html
STM32H5,STM32H503CBU7,Active,Quality and Reliability exact-ICPN row,https://www.st.com/en/microcontrollers-microprocessors/stm32h503cb.html
STM32N6,STM32N657A0H3Q,Active,Quality and Reliability exact-ICPN row,https://www.st.com/en/microcontrollers-microprocessors/stm32n657a0.html
STM32N6,STM32N657A0H3QG,Active,Quality and Reliability exact-ICPN row,https://www.st.com/en/microcontrollers-microprocessors/stm32n657a0.html
STM32N6,STM32N657A0H3QTR,Active,Quality and Reliability exact-ICPN row,https://www.st.com/en/microcontrollers-microprocessors/stm32n657a0.html
STM32WB0,STM32WB05KZV6TR,Active,Quality and Reliability exact-ICPN row,https://www.st.com/en/microcontrollers-microprocessors/stm32wb05kz.html
STM32WB0,STM32WB05KZV7TR,Active,Quality and Reliability exact-ICPN row,https://www.st.com/en/microcontrollers-microprocessors/stm32wb05kz.html
STM32WL3,STM32WL33CCV6,Active,Quality and Reliability exact-ICPN row,https://www.st.com/en/microcontrollers-microprocessors/stm32wl33cc.html
STM32WL3,STM32WL33CCV6A,Active,Quality and Reliability exact-ICPN row,https://www.st.com/en/microcontrollers-microprocessors/stm32wl33cc.html
STM32WL3,STM32WL33CCV6ATR,Active,Quality and Reliability exact-ICPN row,https://www.st.com/en/microcontrollers-microprocessors/stm32wl33cc.html
STM32WL3,STM32WL33CCV6TR,Active,Quality and Reliability exact-ICPN row,https://www.st.com/en/microcontrollers-microprocessors/stm32wl33cc.html
STM32WL3,STM32WL33CCV7,Active,Quality and Reliability exact-ICPN row,https://www.st.com/en/microcontrollers-microprocessors/stm32wl33cc.html
STM32WL3,STM32WL33CCV7A,Active,Quality and Reliability exact-ICPN row,https://www.st.com/en/microcontrollers-microprocessors/stm32wl33cc.html
STM32WL3,STM32WL33CCV7ATR,Active,Quality and Reliability exact-ICPN row,https://www.st.com/en/microcontrollers-microprocessors/stm32wl33cc.html
STM32WL3,STM32WL33CCV7TR,Active,Quality and Reliability exact-ICPN row,https://www.st.com/en/microcontrollers-microprocessors/stm32wl33cc.html
