icpn,series,dfp_evidence_state,dfp_parent_dname,candidate_dev_id,candidate_xldr_path,parent_flash_bytes,exact_variant_flash_bytes,dfp_loader_ram_start,dfp_loader_ram_bytes,plasma_route_ready
STM32C531CBT3,C53,BASE_DEVICE_ONLY_NOT_EXACT,STM32C531CB,0x44F,Flash/STM32C5[34]x.xldr,131072,,0x20000000,65536,false
STM32C531CBT3TR,C53,BASE_DEVICE_ONLY_NOT_EXACT,STM32C531CB,0x44F,Flash/STM32C5[34]x.xldr,131072,,0x20000000,65536,false
STM32C531CBT6,C53,EXACT_DFP_VARIANT,STM32C531CB,0x44F,Flash/STM32C5[34]x.xldr,131072,131072,0x20000000,65536,false
STM32C531CBU3,C53,BASE_DEVICE_ONLY_NOT_EXACT,STM32C531CB,0x44F,Flash/STM32C5[34]x.xldr,131072,,0x20000000,65536,false
STM32C531CBU3TR,C53,BASE_DEVICE_ONLY_NOT_EXACT,STM32C531CB,0x44F,Flash/STM32C5[34]x.xldr,131072,,0x20000000,65536,false
STM32C531CBU6,C53,EXACT_DFP_VARIANT,STM32C531CB,0x44F,Flash/STM32C5[34]x.xldr,131072,131072,0x20000000,65536,false
STM32C531CCT6,C53,EXACT_DFP_VARIANT,STM32C531CC,0x44F,Flash/STM32C5[34]x.xldr,262144,262144,0x20000000,65536,false
STM32C531CCU3,C53,EXACT_DFP_VARIANT,STM32C531CC,0x44F,Flash/STM32C5[34]x.xldr,262144,262144,0x20000000,65536,false
STM32C531CCU6,C53,EXACT_DFP_VARIANT,STM32C531CC,0x44F,Flash/STM32C5[34]x.xldr,262144,262144,0x20000000,65536,false
STM32C531EBU6,C53,EXACT_DFP_VARIANT,STM32C531EB,0x44F,Flash/STM32C5[34]x.xldr,131072,131072,0x20000000,65536,false
STM32C531ECU6,C53,EXACT_DFP_VARIANT,STM32C531EC,0x44F,Flash/STM32C5[34]x.xldr,262144,262144,0x20000000,65536,false
STM32C531FBU6TR,C53,BASE_DEVICE_ONLY_NOT_EXACT,STM32C531FB,0x44F,Flash/STM32C5[34]x.xldr,131072,,0x20000000,65536,false
STM32C531FCU6TR,C53,BASE_DEVICE_ONLY_NOT_EXACT,STM32C531FC,0x44F,Flash/STM32C5[34]x.xldr,262144,,0x20000000,65536,false
STM32C531KBT3,C53,BASE_DEVICE_ONLY_NOT_EXACT,STM32C531KB,0x44F,Flash/STM32C5[34]x.xldr,131072,,0x20000000,65536,false
STM32C531KBT3TR,C53,BASE_DEVICE_ONLY_NOT_EXACT,STM32C531KB,0x44F,Flash/STM32C5[34]x.xldr,131072,,0x20000000,65536,false
STM32C531KBT6,C53,EXACT_DFP_VARIANT,STM32C531KB,0x44F,Flash/STM32C5[34]x.xldr,131072,131072,0x20000000,65536,false
STM32C531KBU3,C53,EXACT_DFP_VARIANT,STM32C531KB,0x44F,Flash/STM32C5[34]x.xldr,131072,131072,0x20000000,65536,false
STM32C531KBU3TR,C53,EXACT_DFP_VARIANT,STM32C531KB,0x44F,Flash/STM32C5[34]x.xldr,131072,131072,0x20000000,65536,false
STM32C531KBU6,C53,EXACT_DFP_VARIANT,STM32C531KB,0x44F,Flash/STM32C5[34]x.xldr,131072,131072,0x20000000,65536,false
STM32C531KBU6TR,C53,EXACT_DFP_VARIANT,STM32C531KB,0x44F,Flash/STM32C5[34]x.xldr,131072,131072,0x20000000,65536,false
STM32C531KCT6,C53,EXACT_DFP_VARIANT,STM32C531KC,0x44F,Flash/STM32C5[34]x.xldr,262144,262144,0x20000000,65536,false
STM32C531KCU3,C53,EXACT_DFP_VARIANT,STM32C531KC,0x44F,Flash/STM32C5[34]x.xldr,262144,262144,0x20000000,65536,false
STM32C531KCU3TR,C53,EXACT_DFP_VARIANT,STM32C531KC,0x44F,Flash/STM32C5[34]x.xldr,262144,262144,0x20000000,65536,false
STM32C531KCU6,C53,EXACT_DFP_VARIANT,STM32C531KC,0x44F,Flash/STM32C5[34]x.xldr,262144,262144,0x20000000,65536,false
STM32C531KCU6TR,C53,EXACT_DFP_VARIANT,STM32C531KC,0x44F,Flash/STM32C5[34]x.xldr,262144,262144,0x20000000,65536,false
STM32C531RBT6,C53,EXACT_DFP_VARIANT,STM32C531RB,0x44F,Flash/STM32C5[34]x.xldr,131072,131072,0x20000000,65536,false
STM32C531RCT3,C53,EXACT_DFP_VARIANT,STM32C531RC,0x44F,Flash/STM32C5[34]x.xldr,262144,262144,0x20000000,65536,false
STM32C531RCT3TR,C53,EXACT_DFP_VARIANT,STM32C531RC,0x44F,Flash/STM32C5[34]x.xldr,262144,262144,0x20000000,65536,false
STM32C531RCT6,C53,EXACT_DFP_VARIANT,STM32C531RC,0x44F,Flash/STM32C5[34]x.xldr,262144,262144,0x20000000,65536,false
STM32C532CBT3,C53,EXACT_DFP_VARIANT,STM32C532CB,0x44F,Flash/STM32C5[34]x.xldr,131072,131072,0x20000000,65536,false
STM32C532CBT3TR,C53,EXACT_DFP_VARIANT,STM32C532CB,0x44F,Flash/STM32C5[34]x.xldr,131072,131072,0x20000000,65536,false
STM32C532CBT6,C53,EXACT_DFP_VARIANT,STM32C532CB,0x44F,Flash/STM32C5[34]x.xldr,131072,131072,0x20000000,65536,false
STM32C532CBU3,C53,BASE_DEVICE_ONLY_NOT_EXACT,STM32C532CB,0x44F,Flash/STM32C5[34]x.xldr,131072,,0x20000000,65536,false
STM32C532CBU3TR,C53,BASE_DEVICE_ONLY_NOT_EXACT,STM32C532CB,0x44F,Flash/STM32C5[34]x.xldr,131072,,0x20000000,65536,false
STM32C532CBU6,C53,EXACT_DFP_VARIANT,STM32C532CB,0x44F,Flash/STM32C5[34]x.xldr,131072,131072,0x20000000,65536,false
STM32C532CCT3,C53,EXACT_DFP_VARIANT,STM32C532CC,0x44F,Flash/STM32C5[34]x.xldr,262144,262144,0x20000000,65536,false
STM32C532CCT3TR,C53,EXACT_DFP_VARIANT,STM32C532CC,0x44F,Flash/STM32C5[34]x.xldr,262144,262144,0x20000000,65536,false
STM32C532CCT6,C53,EXACT_DFP_VARIANT,STM32C532CC,0x44F,Flash/STM32C5[34]x.xldr,262144,262144,0x20000000,65536,false
STM32C532CCU6,C53,EXACT_DFP_VARIANT,STM32C532CC,0x44F,Flash/STM32C5[34]x.xldr,262144,262144,0x20000000,65536,false
STM32C532EBU6,C53,EXACT_DFP_VARIANT,STM32C532EB,0x44F,Flash/STM32C5[34]x.xldr,131072,131072,0x20000000,65536,false
STM32C532ECU6,C53,EXACT_DFP_VARIANT,STM32C532EC,0x44F,Flash/STM32C5[34]x.xldr,262144,262144,0x20000000,65536,false
STM32C532FBU6TR,C53,BASE_DEVICE_ONLY_NOT_EXACT,STM32C532FB,0x44F,Flash/STM32C5[34]x.xldr,131072,,0x20000000,65536,false
STM32C532FCU6TR,C53,BASE_DEVICE_ONLY_NOT_EXACT,STM32C532FC,0x44F,Flash/STM32C5[34]x.xldr,262144,,0x20000000,65536,false
STM32C532KBT6,C53,EXACT_DFP_VARIANT,STM32C532KB,0x44F,Flash/STM32C5[34]x.xldr,131072,131072,0x20000000,65536,false
STM32C532KBU6,C53,EXACT_DFP_VARIANT,STM32C532KB,0x44F,Flash/STM32C5[34]x.xldr,131072,131072,0x20000000,65536,false
STM32C532KCT6,C53,EXACT_DFP_VARIANT,STM32C532KC,0x44F,Flash/STM32C5[34]x.xldr,262144,262144,0x20000000,65536,false
STM32C532KCU3,C53,EXACT_DFP_VARIANT,STM32C532KC,0x44F,Flash/STM32C5[34]x.xldr,262144,262144,0x20000000,65536,false
STM32C532KCU3TR,C53,EXACT_DFP_VARIANT,STM32C532KC,0x44F,Flash/STM32C5[34]x.xldr,262144,262144,0x20000000,65536,false
STM32C532KCU6,C53,EXACT_DFP_VARIANT,STM32C532KC,0x44F,Flash/STM32C5[34]x.xldr,262144,262144,0x20000000,65536,false
STM32C532RBT6,C53,EXACT_DFP_VARIANT,STM32C532RB,0x44F,Flash/STM32C5[34]x.xldr,131072,131072,0x20000000,65536,false
STM32C532RCT6,C53,EXACT_DFP_VARIANT,STM32C532RC,0x44F,Flash/STM32C5[34]x.xldr,262144,262144,0x20000000,65536,false
STM32C542CCT3,C54,BASE_DEVICE_ONLY_NOT_EXACT,STM32C542CC,0x44F,Flash/STM32C5[34]x.xldr,262144,,0x20000000,65536,false
STM32C542CCT3TR,C54,BASE_DEVICE_ONLY_NOT_EXACT,STM32C542CC,0x44F,Flash/STM32C5[34]x.xldr,262144,,0x20000000,65536,false
STM32C542CCT6,C54,EXACT_DFP_VARIANT,STM32C542CC,0x44F,Flash/STM32C5[34]x.xldr,262144,262144,0x20000000,65536,false
STM32C542CCU6,C54,EXACT_DFP_VARIANT,STM32C542CC,0x44F,Flash/STM32C5[34]x.xldr,262144,262144,0x20000000,65536,false
STM32C542ECU6,C54,EXACT_DFP_VARIANT,STM32C542EC,0x44F,Flash/STM32C5[34]x.xldr,262144,262144,0x20000000,65536,false
STM32C542FCU6TR,C54,BASE_DEVICE_ONLY_NOT_EXACT,STM32C542FC,0x44F,Flash/STM32C5[34]x.xldr,262144,,0x20000000,65536,false
STM32C542KCT6,C54,EXACT_DFP_VARIANT,STM32C542KC,0x44F,Flash/STM32C5[34]x.xldr,262144,262144,0x20000000,65536,false
STM32C542KCU3,C54,EXACT_DFP_VARIANT,STM32C542KC,0x44F,Flash/STM32C5[34]x.xldr,262144,262144,0x20000000,65536,false
STM32C542KCU3TR,C54,EXACT_DFP_VARIANT,STM32C542KC,0x44F,Flash/STM32C5[34]x.xldr,262144,262144,0x20000000,65536,false
STM32C542KCU6,C54,EXACT_DFP_VARIANT,STM32C542KC,0x44F,Flash/STM32C5[34]x.xldr,262144,262144,0x20000000,65536,false
STM32C542RCT3,C54,EXACT_DFP_VARIANT,STM32C542RC,0x44F,Flash/STM32C5[34]x.xldr,262144,262144,0x20000000,65536,false
STM32C542RCT6,C54,EXACT_DFP_VARIANT,STM32C542RC,0x44F,Flash/STM32C5[34]x.xldr,262144,262144,0x20000000,65536,false
STM32C551CCT3,C55,EXACT_DFP_VARIANT,STM32C551CC,0x44E,Flash/STM32C5[56]x.xldr,262144,262144,0x20000000,131072,false
STM32C551CCT3TR,C55,EXACT_DFP_VARIANT,STM32C551CC,0x44E,Flash/STM32C5[56]x.xldr,262144,262144,0x20000000,131072,false
STM32C551CCT6,C55,EXACT_DFP_VARIANT,STM32C551CC,0x44E,Flash/STM32C5[56]x.xldr,262144,262144,0x20000000,131072,false
STM32C551CCT6TR,C55,BASE_DEVICE_ONLY_NOT_EXACT,STM32C551CC,0x44E,Flash/STM32C5[56]x.xldr,262144,,0x20000000,131072,false
STM32C551CCT7,C55,EXACT_DFP_VARIANT,STM32C551CC,0x44E,Flash/STM32C5[56]x.xldr,262144,262144,0x20000000,131072,false
STM32C551CCT7TR,C55,EXACT_DFP_VARIANT,STM32C551CC,0x44E,Flash/STM32C5[56]x.xldr,262144,262144,0x20000000,131072,false
STM32C551CCU6,C55,EXACT_DFP_VARIANT,STM32C551CC,0x44E,Flash/STM32C5[56]x.xldr,262144,262144,0x20000000,131072,false
STM32C551CET3,C55,BASE_DEVICE_ONLY_NOT_EXACT,STM32C551CE,0x44E,Flash/STM32C5[56]x.xldr,524288,,0x20000000,131072,false
STM32C551CET3TR,C55,BASE_DEVICE_ONLY_NOT_EXACT,STM32C551CE,0x44E,Flash/STM32C5[56]x.xldr,524288,,0x20000000,131072,false
STM32C551CET6,C55,EXACT_DFP_VARIANT,STM32C551CE,0x44E,Flash/STM32C5[56]x.xldr,524288,524288,0x20000000,131072,false
STM32C551CEU6,C55,EXACT_DFP_VARIANT,STM32C551CE,0x44E,Flash/STM32C5[56]x.xldr,524288,524288,0x20000000,131072,false
STM32C551CEU6TR,C55,BASE_DEVICE_ONLY_NOT_EXACT,STM32C551CE,0x44E,Flash/STM32C5[56]x.xldr,524288,,0x20000000,131072,false
STM32C551KCT6,C55,EXACT_DFP_VARIANT,STM32C551KC,0x44E,Flash/STM32C5[56]x.xldr,262144,262144,0x20000000,131072,false
STM32C551KCU3,C55,BASE_DEVICE_ONLY_NOT_EXACT,STM32C551KC,0x44E,Flash/STM32C5[56]x.xldr,262144,,0x20000000,131072,false
STM32C551KCU3TR,C55,BASE_DEVICE_ONLY_NOT_EXACT,STM32C551KC,0x44E,Flash/STM32C5[56]x.xldr,262144,,0x20000000,131072,false
STM32C551KCU6,C55,EXACT_DFP_VARIANT,STM32C551KC,0x44E,Flash/STM32C5[56]x.xldr,262144,262144,0x20000000,131072,false
STM32C551KET6,C55,EXACT_DFP_VARIANT,STM32C551KE,0x44E,Flash/STM32C5[56]x.xldr,524288,524288,0x20000000,131072,false
STM32C551KEU6,C55,EXACT_DFP_VARIANT,STM32C551KE,0x44E,Flash/STM32C5[56]x.xldr,524288,524288,0x20000000,131072,false
STM32C551KEU6TR,C55,EXACT_DFP_VARIANT,STM32C551KE,0x44E,Flash/STM32C5[56]x.xldr,524288,524288,0x20000000,131072,false
STM32C551MCT6,C55,EXACT_DFP_VARIANT,STM32C551MC,0x44E,Flash/STM32C5[56]x.xldr,262144,262144,0x20000000,131072,false
STM32C551MET6,C55,EXACT_DFP_VARIANT,STM32C551ME,0x44E,Flash/STM32C5[56]x.xldr,524288,524288,0x20000000,131072,false
STM32C551RCT6,C55,EXACT_DFP_VARIANT,STM32C551RC,0x44E,Flash/STM32C5[56]x.xldr,262144,262144,0x20000000,131072,false
STM32C551RET3,C55,BASE_DEVICE_ONLY_NOT_EXACT,STM32C551RE,0x44E,Flash/STM32C5[56]x.xldr,524288,,0x20000000,131072,false
STM32C551RET3TR,C55,BASE_DEVICE_ONLY_NOT_EXACT,STM32C551RE,0x44E,Flash/STM32C5[56]x.xldr,524288,,0x20000000,131072,false
STM32C551RET6,C55,EXACT_DFP_VARIANT,STM32C551RE,0x44E,Flash/STM32C5[56]x.xldr,524288,524288,0x20000000,131072,false
STM32C551VCT6,C55,EXACT_DFP_VARIANT,STM32C551VC,0x44E,Flash/STM32C5[56]x.xldr,262144,262144,0x20000000,131072,false
STM32C551VCT6TR,C55,EXACT_DFP_VARIANT,STM32C551VC,0x44E,Flash/STM32C5[56]x.xldr,262144,262144,0x20000000,131072,false
STM32C551VET6,C55,EXACT_DFP_VARIANT,STM32C551VE,0x44E,Flash/STM32C5[56]x.xldr,524288,524288,0x20000000,131072,false
STM32C551VET6TR,C55,EXACT_DFP_VARIANT,STM32C551VE,0x44E,Flash/STM32C5[56]x.xldr,524288,524288,0x20000000,131072,false
STM32C552CCT6,C55,EXACT_DFP_VARIANT,STM32C552CC,0x44E,Flash/STM32C5[56]x.xldr,262144,262144,0x20000000,131072,false
STM32C552CCU6,C55,EXACT_DFP_VARIANT,STM32C552CC,0x44E,Flash/STM32C5[56]x.xldr,262144,262144,0x20000000,131072,false
STM32C552CET6,C55,EXACT_DFP_VARIANT,STM32C552CE,0x44E,Flash/STM32C5[56]x.xldr,524288,524288,0x20000000,131072,false
STM32C552CEU6,C55,EXACT_DFP_VARIANT,STM32C552CE,0x44E,Flash/STM32C5[56]x.xldr,524288,524288,0x20000000,131072,false
STM32C552KCT6,C55,EXACT_DFP_VARIANT,STM32C552KC,0x44E,Flash/STM32C5[56]x.xldr,262144,262144,0x20000000,131072,false
STM32C552KCU3,C55,EXACT_DFP_VARIANT,STM32C552KC,0x44E,Flash/STM32C5[56]x.xldr,262144,262144,0x20000000,131072,false
STM32C552KCU6,C55,EXACT_DFP_VARIANT,STM32C552KC,0x44E,Flash/STM32C5[56]x.xldr,262144,262144,0x20000000,131072,false
STM32C552KET6,C55,EXACT_DFP_VARIANT,STM32C552KE,0x44E,Flash/STM32C5[56]x.xldr,524288,524288,0x20000000,131072,false
STM32C552KEU6,C55,EXACT_DFP_VARIANT,STM32C552KE,0x44E,Flash/STM32C5[56]x.xldr,524288,524288,0x20000000,131072,false
STM32C552MCT6,C55,EXACT_DFP_VARIANT,STM32C552MC,0x44E,Flash/STM32C5[56]x.xldr,262144,262144,0x20000000,131072,false
STM32C552MET6,C55,EXACT_DFP_VARIANT,STM32C552ME,0x44E,Flash/STM32C5[56]x.xldr,524288,524288,0x20000000,131072,false
STM32C552RCT3,C55,BASE_DEVICE_ONLY_NOT_EXACT,STM32C552RC,0x44E,Flash/STM32C5[56]x.xldr,262144,,0x20000000,131072,false
STM32C552RCT3TR,C55,BASE_DEVICE_ONLY_NOT_EXACT,STM32C552RC,0x44E,Flash/STM32C5[56]x.xldr,262144,,0x20000000,131072,false
STM32C552RCT6,C55,EXACT_DFP_VARIANT,STM32C552RC,0x44E,Flash/STM32C5[56]x.xldr,262144,262144,0x20000000,131072,false
STM32C552RET3,C55,BASE_DEVICE_ONLY_NOT_EXACT,STM32C552RE,0x44E,Flash/STM32C5[56]x.xldr,524288,,0x20000000,131072,false
STM32C552RET3TR,C55,BASE_DEVICE_ONLY_NOT_EXACT,STM32C552RE,0x44E,Flash/STM32C5[56]x.xldr,524288,,0x20000000,131072,false
STM32C552RET6,C55,EXACT_DFP_VARIANT,STM32C552RE,0x44E,Flash/STM32C5[56]x.xldr,524288,524288,0x20000000,131072,false
STM32C552VCT6,C55,EXACT_DFP_VARIANT,STM32C552VC,0x44E,Flash/STM32C5[56]x.xldr,262144,262144,0x20000000,131072,false
STM32C552VET6,C55,EXACT_DFP_VARIANT,STM32C552VE,0x44E,Flash/STM32C5[56]x.xldr,524288,524288,0x20000000,131072,false
STM32C562CET6,C56,EXACT_DFP_VARIANT,STM32C562CE,0x44E,Flash/STM32C5[56]x.xldr,524288,524288,0x20000000,131072,false
STM32C562CEU6,C56,EXACT_DFP_VARIANT,STM32C562CE,0x44E,Flash/STM32C5[56]x.xldr,524288,524288,0x20000000,131072,false
STM32C562KET6,C56,EXACT_DFP_VARIANT,STM32C562KE,0x44E,Flash/STM32C5[56]x.xldr,524288,524288,0x20000000,131072,false
STM32C562KEU3,C56,BASE_DEVICE_ONLY_NOT_EXACT,STM32C562KE,0x44E,Flash/STM32C5[56]x.xldr,524288,,0x20000000,131072,false
STM32C562KEU3TR,C56,BASE_DEVICE_ONLY_NOT_EXACT,STM32C562KE,0x44E,Flash/STM32C5[56]x.xldr,524288,,0x20000000,131072,false
STM32C562KEU6,C56,EXACT_DFP_VARIANT,STM32C562KE,0x44E,Flash/STM32C5[56]x.xldr,524288,524288,0x20000000,131072,false
STM32C562MET6,C56,EXACT_DFP_VARIANT,STM32C562ME,0x44E,Flash/STM32C5[56]x.xldr,524288,524288,0x20000000,131072,false
STM32C562MET6TR,C56,EXACT_DFP_VARIANT,STM32C562ME,0x44E,Flash/STM32C5[56]x.xldr,524288,524288,0x20000000,131072,false
STM32C562RET3,C56,EXACT_DFP_VARIANT,STM32C562RE,0x44E,Flash/STM32C5[56]x.xldr,524288,524288,0x20000000,131072,false
STM32C562RET3TR,C56,EXACT_DFP_VARIANT,STM32C562RE,0x44E,Flash/STM32C5[56]x.xldr,524288,524288,0x20000000,131072,false
STM32C562RET6,C56,EXACT_DFP_VARIANT,STM32C562RE,0x44E,Flash/STM32C5[56]x.xldr,524288,524288,0x20000000,131072,false
STM32C562VET6,C56,EXACT_DFP_VARIANT,STM32C562VE,0x44E,Flash/STM32C5[56]x.xldr,524288,524288,0x20000000,131072,false
STM32C591CET6,C59,EXACT_DFP_VARIANT,STM32C591CE,0x45A,Flash/STM32C5[9A]x.xldr,524288,524288,0x20000000,262144,false
STM32C591CEU6,C59,EXACT_DFP_VARIANT,STM32C591CE,0x45A,Flash/STM32C5[9A]x.xldr,524288,524288,0x20000000,262144,false
STM32C591CGT6,C59,EXACT_DFP_VARIANT,STM32C591CG,0x45A,Flash/STM32C5[9A]x.xldr,1048576,1048576,0x20000000,262144,false
STM32C591CGU6,C59,EXACT_DFP_VARIANT,STM32C591CG,0x45A,Flash/STM32C5[9A]x.xldr,1048576,1048576,0x20000000,262144,false
STM32C591CGU6TR,C59,BASE_DEVICE_ONLY_NOT_EXACT,STM32C591CG,0x45A,Flash/STM32C5[9A]x.xldr,1048576,,0x20000000,262144,false
STM32C591KET6,C59,EXACT_DFP_VARIANT,STM32C591KE,0x45A,Flash/STM32C5[9A]x.xldr,524288,524288,0x20000000,262144,false
STM32C591KGT6,C59,EXACT_DFP_VARIANT,STM32C591KG,0x45A,Flash/STM32C5[9A]x.xldr,1048576,1048576,0x20000000,262144,false
STM32C591KGU6,C59,EXACT_DFP_VARIANT,STM32C591KG,0x45A,Flash/STM32C5[9A]x.xldr,1048576,1048576,0x20000000,262144,false
STM32C591MET6,C59,EXACT_DFP_VARIANT,STM32C591ME,0x45A,Flash/STM32C5[9A]x.xldr,524288,524288,0x20000000,262144,false
STM32C591MGT6,C59,EXACT_DFP_VARIANT,STM32C591MG,0x45A,Flash/STM32C5[9A]x.xldr,1048576,1048576,0x20000000,262144,false
STM32C591RET3,C59,EXACT_DFP_VARIANT,STM32C591RE,0x45A,Flash/STM32C5[9A]x.xldr,524288,524288,0x20000000,262144,false
STM32C591RET3TR,C59,EXACT_DFP_VARIANT,STM32C591RE,0x45A,Flash/STM32C5[9A]x.xldr,524288,524288,0x20000000,262144,false
STM32C591RET6,C59,EXACT_DFP_VARIANT,STM32C591RE,0x45A,Flash/STM32C5[9A]x.xldr,524288,524288,0x20000000,262144,false
STM32C591RET6TR,C59,BASE_DEVICE_ONLY_NOT_EXACT,STM32C591RE,0x45A,Flash/STM32C5[9A]x.xldr,524288,,0x20000000,262144,false
STM32C591RGT6,C59,EXACT_DFP_VARIANT,STM32C591RG,0x45A,Flash/STM32C5[9A]x.xldr,1048576,1048576,0x20000000,262144,false
STM32C591RGT6TR,C59,EXACT_DFP_VARIANT,STM32C591RG,0x45A,Flash/STM32C5[9A]x.xldr,1048576,1048576,0x20000000,262144,false
STM32C591VET6,C59,EXACT_DFP_VARIANT,STM32C591VE,0x45A,Flash/STM32C5[9A]x.xldr,524288,524288,0x20000000,262144,false
STM32C591VGT6,C59,EXACT_DFP_VARIANT,STM32C591VG,0x45A,Flash/STM32C5[9A]x.xldr,1048576,1048576,0x20000000,262144,false
STM32C591ZET6,C59,EXACT_DFP_VARIANT,STM32C591ZE,0x45A,Flash/STM32C5[9A]x.xldr,524288,524288,0x20000000,262144,false
STM32C591ZGT6,C59,EXACT_DFP_VARIANT,STM32C591ZG,0x45A,Flash/STM32C5[9A]x.xldr,1048576,1048576,0x20000000,262144,false
STM32C593CET6,C59,EXACT_DFP_VARIANT,STM32C593CE,0x45A,Flash/STM32C5[9A]x.xldr,524288,524288,0x20000000,262144,false
STM32C593CEU3,C59,EXACT_DFP_VARIANT,STM32C593CE,0x45A,Flash/STM32C5[9A]x.xldr,524288,524288,0x20000000,262144,false
STM32C593CEU3TR,C59,EXACT_DFP_VARIANT,STM32C593CE,0x45A,Flash/STM32C5[9A]x.xldr,524288,524288,0x20000000,262144,false
STM32C593CEU6,C59,EXACT_DFP_VARIANT,STM32C593CE,0x45A,Flash/STM32C5[9A]x.xldr,524288,524288,0x20000000,262144,false
STM32C593CGT6,C59,EXACT_DFP_VARIANT,STM32C593CG,0x45A,Flash/STM32C5[9A]x.xldr,1048576,1048576,0x20000000,262144,false
STM32C593CGU6,C59,EXACT_DFP_VARIANT,STM32C593CG,0x45A,Flash/STM32C5[9A]x.xldr,1048576,1048576,0x20000000,262144,false
STM32C593KET6,C59,EXACT_DFP_VARIANT,STM32C593KE,0x45A,Flash/STM32C5[9A]x.xldr,524288,524288,0x20000000,262144,false
STM32C593KGT6,C59,EXACT_DFP_VARIANT,STM32C593KG,0x45A,Flash/STM32C5[9A]x.xldr,1048576,1048576,0x20000000,262144,false
STM32C593KGU3,C59,BASE_DEVICE_ONLY_NOT_EXACT,STM32C593KG,0x45A,Flash/STM32C5[9A]x.xldr,1048576,,0x20000000,262144,false
STM32C593KGU6,C59,EXACT_DFP_VARIANT,STM32C593KG,0x45A,Flash/STM32C5[9A]x.xldr,1048576,1048576,0x20000000,262144,false
STM32C593MET6,C59,EXACT_DFP_VARIANT,STM32C593ME,0x45A,Flash/STM32C5[9A]x.xldr,524288,524288,0x20000000,262144,false
STM32C593MGT6,C59,EXACT_DFP_VARIANT,STM32C593MG,0x45A,Flash/STM32C5[9A]x.xldr,1048576,1048576,0x20000000,262144,false
STM32C593RET6,C59,EXACT_DFP_VARIANT,STM32C593RE,0x45A,Flash/STM32C5[9A]x.xldr,524288,524288,0x20000000,262144,false
STM32C593RGT6,C59,EXACT_DFP_VARIANT,STM32C593RG,0x45A,Flash/STM32C5[9A]x.xldr,1048576,1048576,0x20000000,262144,false
STM32C593VET3,C59,BASE_DEVICE_ONLY_NOT_EXACT,STM32C593VE,0x45A,Flash/STM32C5[9A]x.xldr,524288,,0x20000000,262144,false
STM32C593VET6,C59,EXACT_DFP_VARIANT,STM32C593VE,0x45A,Flash/STM32C5[9A]x.xldr,524288,524288,0x20000000,262144,false
STM32C593VGT6,C59,EXACT_DFP_VARIANT,STM32C593VG,0x45A,Flash/STM32C5[9A]x.xldr,1048576,1048576,0x20000000,262144,false
STM32C593ZET6,C59,EXACT_DFP_VARIANT,STM32C593ZE,0x45A,Flash/STM32C5[9A]x.xldr,524288,524288,0x20000000,262144,false
STM32C593ZGT6,C59,EXACT_DFP_VARIANT,STM32C593ZG,0x45A,Flash/STM32C5[9A]x.xldr,1048576,1048576,0x20000000,262144,false
STM32C5A3CGT6,C5A,EXACT_DFP_VARIANT,STM32C5A3CG,0x45A,Flash/STM32C5[9A]x.xldr,1048576,1048576,0x20000000,262144,false
STM32C5A3CGU6,C5A,EXACT_DFP_VARIANT,STM32C5A3CG,0x45A,Flash/STM32C5[9A]x.xldr,1048576,1048576,0x20000000,262144,false
STM32C5A3KGT6,C5A,EXACT_DFP_VARIANT,STM32C5A3KG,0x45A,Flash/STM32C5[9A]x.xldr,1048576,1048576,0x20000000,262144,false
STM32C5A3KGU3,C5A,EXACT_DFP_VARIANT,STM32C5A3KG,0x45A,Flash/STM32C5[9A]x.xldr,1048576,1048576,0x20000000,262144,false
STM32C5A3KGU3TR,C5A,EXACT_DFP_VARIANT,STM32C5A3KG,0x45A,Flash/STM32C5[9A]x.xldr,1048576,1048576,0x20000000,262144,false
STM32C5A3KGU6,C5A,EXACT_DFP_VARIANT,STM32C5A3KG,0x45A,Flash/STM32C5[9A]x.xldr,1048576,1048576,0x20000000,262144,false
STM32C5A3MGT6,C5A,EXACT_DFP_VARIANT,STM32C5A3MG,0x45A,Flash/STM32C5[9A]x.xldr,1048576,1048576,0x20000000,262144,false
STM32C5A3RGT6,C5A,EXACT_DFP_VARIANT,STM32C5A3RG,0x45A,Flash/STM32C5[9A]x.xldr,1048576,1048576,0x20000000,262144,false
STM32C5A3VGT6,C5A,EXACT_DFP_VARIANT,STM32C5A3VG,0x45A,Flash/STM32C5[9A]x.xldr,1048576,1048576,0x20000000,262144,false
STM32C5A3ZGT6,C5A,EXACT_DFP_VARIANT,STM32C5A3ZG,0x45A,Flash/STM32C5[9A]x.xldr,1048576,1048576,0x20000000,262144,false
