exact_icpn,series,dfp_parent_dname,dfp_absence_class,dfp_exact_nontr_counterpart,manufacturer_commercial_evidence,exact_variant_metadata_verified,backend_route_ready
STM32C531CBT3,C53,STM32C531CB,NONTR_MPN_ABSENT_FROM_PINNED_DFP_VARIANTS,,v0.7_eStore_Active_exact,false,false
STM32C531CBT3TR,C53,STM32C531CB,TR_WITHOUT_PINNED_DFP_NONTR_EXACT_VARIANT,,v0.7_eStore_Active_exact,false,false
STM32C531CBU3,C53,STM32C531CB,NONTR_MPN_ABSENT_FROM_PINNED_DFP_VARIANTS,,v0.7_eStore_Active_exact,false,false
STM32C531CBU3TR,C53,STM32C531CB,TR_WITHOUT_PINNED_DFP_NONTR_EXACT_VARIANT,,v0.7_eStore_Active_exact,false,false
STM32C531FBU6TR,C53,STM32C531FB,TR_WITH_PINNED_DFP_NONTR_EXACT_VARIANT,STM32C531FBU6,v0.7_eStore_Active_exact,false,false
STM32C531FCU6TR,C53,STM32C531FC,TR_WITH_PINNED_DFP_NONTR_EXACT_VARIANT,STM32C531FCU6,v0.7_eStore_Active_exact,false,false
STM32C531KBT3,C53,STM32C531KB,NONTR_MPN_ABSENT_FROM_PINNED_DFP_VARIANTS,,v0.7_eStore_Active_exact,false,false
STM32C531KBT3TR,C53,STM32C531KB,TR_WITHOUT_PINNED_DFP_NONTR_EXACT_VARIANT,,v0.7_eStore_Active_exact,false,false
STM32C532CBU3,C53,STM32C532CB,NONTR_MPN_ABSENT_FROM_PINNED_DFP_VARIANTS,,v0.7_eStore_Active_exact,false,false
STM32C532CBU3TR,C53,STM32C532CB,TR_WITHOUT_PINNED_DFP_NONTR_EXACT_VARIANT,,v0.7_eStore_Active_exact,false,false
STM32C532FBU6TR,C53,STM32C532FB,TR_WITH_PINNED_DFP_NONTR_EXACT_VARIANT,STM32C532FBU6,v0.7_eStore_Active_exact,false,false
STM32C532FCU6TR,C53,STM32C532FC,TR_WITH_PINNED_DFP_NONTR_EXACT_VARIANT,STM32C532FCU6,v0.7_eStore_Active_exact,false,false
STM32C542CCT3,C54,STM32C542CC,NONTR_MPN_ABSENT_FROM_PINNED_DFP_VARIANTS,,v0.7_eStore_Active_exact,false,false
STM32C542CCT3TR,C54,STM32C542CC,TR_WITHOUT_PINNED_DFP_NONTR_EXACT_VARIANT,,v0.7_eStore_Active_exact,false,false
STM32C542FCU6TR,C54,STM32C542FC,TR_WITH_PINNED_DFP_NONTR_EXACT_VARIANT,STM32C542FCU6,v0.7_eStore_Active_exact,false,false
STM32C551CCT6TR,C55,STM32C551CC,TR_WITH_PINNED_DFP_NONTR_EXACT_VARIANT,STM32C551CCT6,v0.7_eStore_Active_exact,false,false
STM32C551CET3,C55,STM32C551CE,NONTR_MPN_ABSENT_FROM_PINNED_DFP_VARIANTS,,v0.7_eStore_Active_exact,false,false
STM32C551CET3TR,C55,STM32C551CE,TR_WITHOUT_PINNED_DFP_NONTR_EXACT_VARIANT,,v0.7_eStore_Active_exact,false,false
STM32C551CEU6TR,C55,STM32C551CE,TR_WITH_PINNED_DFP_NONTR_EXACT_VARIANT,STM32C551CEU6,v0.7_eStore_Active_exact,false,false
STM32C551KCU3,C55,STM32C551KC,NONTR_MPN_ABSENT_FROM_PINNED_DFP_VARIANTS,,v0.7_eStore_Active_exact,false,false
STM32C551KCU3TR,C55,STM32C551KC,TR_WITHOUT_PINNED_DFP_NONTR_EXACT_VARIANT,,v0.7_eStore_Active_exact,false,false
STM32C551RET3,C55,STM32C551RE,NONTR_MPN_ABSENT_FROM_PINNED_DFP_VARIANTS,,v0.7_eStore_Active_exact,false,false
STM32C551RET3TR,C55,STM32C551RE,TR_WITHOUT_PINNED_DFP_NONTR_EXACT_VARIANT,,v0.7_eStore_Active_exact,false,false
STM32C552RCT3,C55,STM32C552RC,NONTR_MPN_ABSENT_FROM_PINNED_DFP_VARIANTS,,v0.7_eStore_Active_exact,false,false
STM32C552RCT3TR,C55,STM32C552RC,TR_WITHOUT_PINNED_DFP_NONTR_EXACT_VARIANT,,v0.7_eStore_Active_exact,false,false
STM32C552RET3,C55,STM32C552RE,NONTR_MPN_ABSENT_FROM_PINNED_DFP_VARIANTS,,v0.7_eStore_Active_exact,false,false
STM32C552RET3TR,C55,STM32C552RE,TR_WITHOUT_PINNED_DFP_NONTR_EXACT_VARIANT,,v0.7_eStore_Active_exact,false,false
STM32C562KEU3,C56,STM32C562KE,NONTR_MPN_ABSENT_FROM_PINNED_DFP_VARIANTS,,v0.7_eStore_Active_exact,false,false
STM32C562KEU3TR,C56,STM32C562KE,TR_WITHOUT_PINNED_DFP_NONTR_EXACT_VARIANT,,v0.7_eStore_Active_exact,false,false
STM32C591CGU6TR,C59,STM32C591CG,TR_WITH_PINNED_DFP_NONTR_EXACT_VARIANT,STM32C591CGU6,v0.7_eStore_Active_exact,false,false
STM32C591RET6TR,C59,STM32C591RE,TR_WITH_PINNED_DFP_NONTR_EXACT_VARIANT,STM32C591RET6,v0.7_eStore_Active_exact,false,false
STM32C593KGU3,C59,STM32C593KG,NONTR_MPN_ABSENT_FROM_PINNED_DFP_VARIANTS,,v0.7_eStore_Active_exact,false,false
STM32C593VET3,C59,STM32C593VE,NONTR_MPN_ABSENT_FROM_PINNED_DFP_VARIANTS,,v0.7_eStore_Active_exact,false,false
