family,production_exact_total,estore_active_exact,production_active_intersection,active_missing_from_production,active_coverage_percent,production_not_current_active
STM32C0,209,226,209,17,92.4779,0
STM32C5,0,172,0,172,0.0000,0
STM32F0,42,263,42,221,15.9696,0
STM32F1,75,275,70,205,25.4545,5
STM32F2,33,105,33,72,31.4286,0
STM32F3,10,192,10,182,5.2083,0
STM32F4,384,386,383,3,99.2228,1
STM32F7,19,173,19,154,10.9827,0
STM32G0,47,406,47,359,11.5764,0
STM32G4,25,273,25,248,9.1575,0
STM32H5,0,190,0,190,0.0000,0
STM32H7,191,205,191,14,93.1707,0
STM32H7RS,36,36,36,0,100.0000,0
STM32L0,360,360,360,0,100.0000,0
STM32L1,144,79,77,2,97.4684,67
STM32L4,446,449,446,3,99.3318,0
STM32L5,49,49,49,0,100.0000,0
STM32N6,0,32,0,32,0.0000,0
STM32U0,68,68,68,0,100.0000,0
STM32U3,106,101,100,1,99.0099,6
STM32U5,265,265,265,0,100.0000,0
STM32WB0,0,24,0,24,0.0000,0
STM32WBA2X,14,14,14,0,100.0000,0
STM32WBA5X,40,40,40,0,100.0000,0
STM32WBA6X,39,39,39,0,100.0000,0
STM32WBX,50,50,50,0,100.0000,0
STM32WL3,0,47,0,47,0.0000,0
STM32WLX,31,31,31,0,100.0000,0
