manufacturer,family,base_device,icpn,marketing_status,source_url,observed_at,authority
STMicroelectronics,STM32L5,STM32L552CC,STM32L552CCT6,Active,https://www.st.com/en/microcontrollers-microprocessors/stm32l552cc.html,2026-09-14,ST Quality & Reliability
STMicroelectronics,STM32L5,STM32L552CC,STM32L552CCU6,Active,https://www.st.com/en/microcontrollers-microprocessors/stm32l552cc.html,2026-09-14,ST Quality & Reliability
STMicroelectronics,STM32L5,STM32L552CC,STM32L552CCU6TR,Active,https://www.st.com/en/microcontrollers-microprocessors/stm32l552cc.html,2026-09-14,ST Quality & Reliability
STMicroelectronics,STM32L5,STM32L552CE,STM32L552CET6,Active,https://www.st.com/en/microcontrollers-microprocessors/stm32l552ce.html,2026-09-14,ST Quality & Reliability
STMicroelectronics,STM32L5,STM32L552CE,STM32L552CET6P,Active,https://www.st.com/en/microcontrollers-microprocessors/stm32l552ce.html,2026-09-14,ST Quality & Reliability
STMicroelectronics,STM32L5,STM32L552CE,STM32L552CEU6,Active,https://www.st.com/en/microcontrollers-microprocessors/stm32l552ce.html,2026-09-14,ST Quality & Reliability
STMicroelectronics,STM32L5,STM32L552CE,STM32L552CEU6P,Active,https://www.st.com/en/microcontrollers-microprocessors/stm32l552ce.html,2026-09-14,ST Quality & Reliability
STMicroelectronics,STM32L5,STM32L552ME,STM32L552MEY6PTR,Active,https://www.st.com/en/microcontrollers-microprocessors/stm32l552me.html,2026-09-14,ST Quality & Reliability
STMicroelectronics,STM32L5,STM32L552ME,STM32L552MEY6QTR,Active,https://www.st.com/en/microcontrollers-microprocessors/stm32l552me.html,2026-09-14,ST Quality & Reliability
STMicroelectronics,STM32L5,STM32L552QC,STM32L552QCI6Q,Active,https://www.st.com/en/microcontrollers-microprocessors/stm32l552qc.html,2026-09-14,ST Quality & Reliability
STMicroelectronics,STM32L5,STM32L552QE,STM32L552QEI6,Active,https://www.st.com/en/microcontrollers-microprocessors/stm32l552qe.html,2026-09-14,ST Quality & Reliability
STMicroelectronics,STM32L5,STM32L552QE,STM32L552QEI6Q,Active,https://www.st.com/en/microcontrollers-microprocessors/stm32l552qe.html,2026-09-14,ST Quality & Reliability
STMicroelectronics,STM32L5,STM32L552RC,STM32L552RCT3,Active,https://www.st.com/en/microcontrollers-microprocessors/stm32l552rc.html,2026-09-14,ST Quality & Reliability
STMicroelectronics,STM32L5,STM32L552RC,STM32L552RCT6,Active,https://www.st.com/en/microcontrollers-microprocessors/stm32l552rc.html,2026-09-14,ST Quality & Reliability
STMicroelectronics,STM32L5,STM32L552RE,STM32L552RET6,Active,https://www.st.com/en/microcontrollers-microprocessors/stm32l552re.html,2026-09-14,ST Quality & Reliability
STMicroelectronics,STM32L5,STM32L552RE,STM32L552RET6P,Active,https://www.st.com/en/microcontrollers-microprocessors/stm32l552re.html,2026-09-14,ST Quality & Reliability
STMicroelectronics,STM32L5,STM32L552RE,STM32L552RET6Q,Active,https://www.st.com/en/microcontrollers-microprocessors/stm32l552re.html,2026-09-14,ST Quality & Reliability
STMicroelectronics,STM32L5,STM32L552RE,STM32L552RET6TR,Active,https://www.st.com/en/microcontrollers-microprocessors/stm32l552re.html,2026-09-14,ST Quality & Reliability
STMicroelectronics,STM32L5,STM32L552VC,STM32L552VCT6Q,Active,https://www.st.com/en/microcontrollers-microprocessors/stm32l552vc.html,2026-09-14,ST Quality & Reliability
STMicroelectronics,STM32L5,STM32L552VE,STM32L552VET6,Active,https://www.st.com/en/microcontrollers-microprocessors/stm32l552ve.html,2026-09-14,ST Quality & Reliability
STMicroelectronics,STM32L5,STM32L552VE,STM32L552VET6Q,Active,https://www.st.com/en/microcontrollers-microprocessors/stm32l552ve.html,2026-09-14,ST Quality & Reliability
STMicroelectronics,STM32L5,STM32L552VE,STM32L552VET6TR,Active,https://www.st.com/en/microcontrollers-microprocessors/stm32l552ve.html,2026-09-14,ST Quality & Reliability
STMicroelectronics,STM32L5,STM32L552ZC,STM32L552ZCT6Q,Active,https://www.st.com/en/microcontrollers-microprocessors/stm32l552zc.html,2026-09-14,ST Quality & Reliability
STMicroelectronics,STM32L5,STM32L552ZE,STM32L552ZET3,Active,https://www.st.com/en/microcontrollers-microprocessors/stm32l552ze.html,2026-09-14,ST Quality & Reliability
STMicroelectronics,STM32L5,STM32L552ZE,STM32L552ZET6,Active,https://www.st.com/en/microcontrollers-microprocessors/stm32l552ze.html,2026-09-14,ST Quality & Reliability
STMicroelectronics,STM32L5,STM32L552ZE,STM32L552ZET6Q,Active,https://www.st.com/en/microcontrollers-microprocessors/stm32l552ze.html,2026-09-14,ST Quality & Reliability
STMicroelectronics,STM32L5,STM32L562CE,STM32L562CET3P,Active,https://www.st.com/en/microcontrollers-microprocessors/stm32l562ce.html,2026-09-14,ST Quality & Reliability
STMicroelectronics,STM32L5,STM32L562CE,STM32L562CET6,Active,https://www.st.com/en/microcontrollers-microprocessors/stm32l562ce.html,2026-09-14,ST Quality & Reliability
STMicroelectronics,STM32L5,STM32L562CE,STM32L562CET6P,Active,https://www.st.com/en/microcontrollers-microprocessors/stm32l562ce.html,2026-09-14,ST Quality & Reliability
STMicroelectronics,STM32L5,STM32L562CE,STM32L562CEU3,Active,https://www.st.com/en/microcontrollers-microprocessors/stm32l562ce.html,2026-09-14,ST Quality & Reliability
STMicroelectronics,STM32L5,STM32L562CE,STM32L562CEU6,Active,https://www.st.com/en/microcontrollers-microprocessors/stm32l562ce.html,2026-09-14,ST Quality & Reliability
STMicroelectronics,STM32L5,STM32L562CE,STM32L562CEU6P,Active,https://www.st.com/en/microcontrollers-microprocessors/stm32l562ce.html,2026-09-14,ST Quality & Reliability
STMicroelectronics,STM32L5,STM32L562CE,STM32L562CEU6TR,Active,https://www.st.com/en/microcontrollers-microprocessors/stm32l562ce.html,2026-09-14,ST Quality & Reliability
STMicroelectronics,STM32L5,STM32L562ME,STM32L562MEY6PTR,Active,https://www.st.com/en/microcontrollers-microprocessors/stm32l562me.html,2026-09-14,ST Quality & Reliability
STMicroelectronics,STM32L5,STM32L562ME,STM32L562MEY6QTR,Active,https://www.st.com/en/microcontrollers-microprocessors/stm32l562me.html,2026-09-14,ST Quality & Reliability
STMicroelectronics,STM32L5,STM32L562QE,STM32L562QEI6,Active,https://www.st.com/en/microcontrollers-microprocessors/stm32l562qe.html,2026-09-14,ST Quality & Reliability
STMicroelectronics,STM32L5,STM32L562QE,STM32L562QEI6Q,Active,https://www.st.com/en/microcontrollers-microprocessors/stm32l562qe.html,2026-09-14,ST Quality & Reliability
STMicroelectronics,STM32L5,STM32L562QE,STM32L562QEI6TR,Active,https://www.st.com/en/microcontrollers-microprocessors/stm32l562qe.html,2026-09-14,ST Quality & Reliability
STMicroelectronics,STM32L5,STM32L562RE,STM32L562RET6,Active,https://www.st.com/en/microcontrollers-microprocessors/stm32l562re.html,2026-09-14,ST Quality & Reliability
STMicroelectronics,STM32L5,STM32L562RE,STM32L562RET6P,Active,https://www.st.com/en/microcontrollers-microprocessors/stm32l562re.html,2026-09-14,ST Quality & Reliability
STMicroelectronics,STM32L5,STM32L562RE,STM32L562RET6Q,Active,https://www.st.com/en/microcontrollers-microprocessors/stm32l562re.html,2026-09-14,ST Quality & Reliability
STMicroelectronics,STM32L5,STM32L562RE,STM32L562RET6TR,Active,https://www.st.com/en/microcontrollers-microprocessors/stm32l562re.html,2026-09-14,ST Quality & Reliability
STMicroelectronics,STM32L5,STM32L562VE,STM32L562VET3,Active,https://www.st.com/en/microcontrollers-microprocessors/stm32l562ve.html,2026-09-14,ST Quality & Reliability
STMicroelectronics,STM32L5,STM32L562VE,STM32L562VET6,Active,https://www.st.com/en/microcontrollers-microprocessors/stm32l562ve.html,2026-09-14,ST Quality & Reliability
STMicroelectronics,STM32L5,STM32L562VE,STM32L562VET6Q,Active,https://www.st.com/en/microcontrollers-microprocessors/stm32l562ve.html,2026-09-14,ST Quality & Reliability
STMicroelectronics,STM32L5,STM32L562VE,STM32L562VET6TR,Active,https://www.st.com/en/microcontrollers-microprocessors/stm32l562ve.html,2026-09-14,ST Quality & Reliability
STMicroelectronics,STM32L5,STM32L562ZE,STM32L562ZET6,Active,https://www.st.com/en/microcontrollers-microprocessors/stm32l562ze.html,2026-09-14,ST Quality & Reliability
STMicroelectronics,STM32L5,STM32L562ZE,STM32L562ZET6Q,Active,https://www.st.com/en/microcontrollers-microprocessors/stm32l562ze.html,2026-09-14,ST Quality & Reliability
STMicroelectronics,STM32L5,STM32L562ZE,STM32L562ZET6TR,Active,https://www.st.com/en/microcontrollers-microprocessors/stm32l562ze.html,2026-09-14,ST Quality & Reliability
